country,wave,year,n_respondents,index_all,index_imf,index_idawb,index_unsc
ALB,3.0,1998.0,998,0.1539022914134851,0.2167314823512142,0.0251087430964466,0.343760739279878
ALB,4.0,2002.0,1000,0.2456693856235762,0.2874743145319966,0.180263435935363,0.3247118639466456
AND,5.0,2005.0,1003,0.0448893730862845,-0.2169084691915813,0.1690301058857217,-0.0439892437493702
AND,7.0,2018.0,1004,0.1999354076165153,0.0539968036561787,0.2778996624465684,0.1818135167317481
ARG,1.0,1984.0,1002,-0.0482157613891505,0.1540534238837335,,-0.1634929575586375
ARG,2.0,1991.0,1002,0.0879740975619357,0.1885731865863251,0.148705878071943,-0.0082353885964219
ARG,3.0,1995.0,1079,-0.0489597479240274,-0.0681599166998989,0.0592829232479045,-0.1796699706036538
ARG,4.0,1999.0,1280,-0.2750771501996123,-0.1171271125714017,-0.2760309567556706,-0.3365010599389157
ARG,5.0,2006.0,1002,0.0035105563390205,-0.0721214308553587,0.0112361689217813,-0.0292473267524979
ARG,6.0,2013.0,1030,-0.0111635079226282,0.0236310397109327,0.0571010180512145,-0.2878399990321976
ARG,7.0,2017.0,1003,0.030421352089593,-0.0729687752978047,0.0518478084680805,0.0414999991964066
ARM,3.0,1997.0,2000,-0.0402381644079251,-0.0667495120362764,-0.2142489098470732,0.2213083660229082
ARM,6.0,2011.0,1100,0.0436527628980084,-0.0120195773089858,-0.0231971451797071,0.1969717383826471
ARM,7.0,2021.0,1223,0.0352451987290443,-0.1518451446417141,0.0182122343320403,0.0985133521361349
AUS,1.0,1981.0,1227,0.2625004230659225,,,0.2625004230659225
AUS,3.0,1995.0,2048,-0.0106305994580342,-0.0998291169493634,0.1538068028627205,-0.1452904579027881
AUS,5.0,2005.0,1421,0.0343341056500343,-0.0419910482807462,0.0528763778767508,0.0740988572822444
AUS,6.0,2012.0,1475,0.1774772775631734,0.0311641693585851,0.2287747266443622,0.1833798048682478
AUS,7.0,2018.0,1811,0.1163028342111155,0.0495749463263574,0.226166288493392,0.0397394263514226
AZE,3.0,1997.0,2002,0.1314485294050542,0.0381994606577762,0.1280262353003245,0.1698362195153914
AZE,6.0,2011.0,1002,-0.0210789945796367,-0.0791767038769842,-0.0271567800412788,0.105721183313759
BFA,5.0,2007.0,1534,0.0560172278477681,0.0591450328564416,-0.0302087342268236,0.2158468317302727
BGD,3.0,1996.0,1524,0.337182869171691,0.2826586509634656,0.332610532943403,0.3378640321877419
BGD,4.0,2002.0,1500,0.2496552464356125,0.0525490629203847,0.2222320024709083,0.3251256785407164
BGD,7.0,2018.0,1200,0.0037538187946191,-0.0929995327672686,0.0648778875701497,-0.0037260970397963
BGR,3.0,1997.0,1072,-0.020050947083825,0.1863676907886144,-0.1872275112778398,0.0824892284476769
BGR,5.0,2006.0,1001,-0.0892655066512187,0.2002029381368008,-0.2449533727358041,0.0471045085185802
BIH,3.0,1998.0,1200,0.1915995853422457,0.1461873912362359,0.1838779778579613,0.2339801810502298
BIH,4.0,2001.0,1200,0.0921640299342637,0.2086264873386001,0.0571562163110934,0.0930681103812787
BLR,2.0,1990.0,1015,0.0655533644136195,0.0506011355709687,-0.0335719517508159,0.0829641531418177
BLR,3.0,1996.0,2092,0.0026297192277026,0.0804022056691952,-0.1531742993498024,0.1146833990190231
BLR,6.0,2011.0,1535,-0.0060570781577652,0.2982871375094332,-0.0370925512621816,-0.1332271568453813
BOL,7.0,2017.0,2067,-0.1518810561943185,-0.2487741043458824,-0.1292534866626341,-0.1465152695350238
BRA,2.0,1991.0,1782,0.0781227768600118,-0.0354571447973447,0.1673959271834171,0.0528526086535685
BRA,3.0,1997.0,1143,-0.0448239993780867,-0.0268906771353319,-0.2125582756784416,0.1749851266627048
BRA,5.0,2006.0,1500,-0.1077060215367992,-0.060664526445913,-0.1902262405583942,0.0392396925317264
BRA,6.0,2014.0,1486,-0.1176176059711809,-0.1081480725777967,-0.0826936369828178,-0.1886347208326338
BRA,7.0,2018.0,1762,-0.0523620871024766,-0.0742970604432262,-0.1376582565820926,0.0537287679811443
CAN,4.0,2000.0,1931,0.0342907778316,0.0400968393825246,0.1348478948378364,-0.0572469953355199
CAN,5.0,2006.0,2164,0.0499233543959894,-0.0044218700170853,0.1481013661513473,-0.0626250445179224
CAN,7.0,2020.0,4018,0.1683748171260933,0.1024521678552004,0.1911476904704181,0.1781055468237609
CHE,2.0,1989.0,1400,-0.4519014778732639,-0.6427125408224071,-0.3432525259618184,-0.3654274352167061
CHE,3.0,1996.0,1212,0.0256619638063902,-0.0723200589613994,0.2161352586085599,-0.0941602319985742
CHE,5.0,2007.0,1241,0.0581343430868476,-0.2374064563389081,0.1609350920237458,0.0377558797146284
CHL,2.0,1990.0,1500,-0.0850371752425101,-0.0554577307234529,-0.134225601157904,-0.0819064192240757
CHL,3.0,1996.0,1000,-0.0661346758831767,-0.0370657827216993,-0.0988143994618626,-0.0692949123302913
CHL,4.0,2000.0,1200,-0.0798107032589937,0.0128118230249304,-0.1269312776666809,-0.0776762604605111
CHL,5.0,2006.0,1000,-0.0742292603642941,-0.1184873723759755,-0.0896782541686826,-0.0539171151182575
CHL,6.0,2012.0,1000,-0.0606575201220024,-0.2074061773968573,0.0118534594943272,-0.2333942443445865
CHL,7.0,2018.0,1000,-0.0607147274600729,-0.055108370072133,-0.170498760273986,0.0485112424788498
CHN,2.0,1990.0,1000,0.1170023645643574,0.0129604619191535,-0.1537265556390045,0.3110723574973307
CHN,3.0,1995.0,1500,0.1356914187874045,0.1042564787117701,-0.0210691991836636,0.2375674228996533
CHN,4.0,2001.0,999,-0.0137480874381253,-0.132246394557078,-0.0616953254367242,0.0985777788621195
CHN,5.0,2007.0,1979,0.1228103956153337,-0.032367956073548,0.1139147518615359,0.1700190067381561
CHN,6.0,2013.0,2250,0.1651411926986302,0.1471369932458183,0.104227920407334,0.3126907139726122
CHN,7.0,2018.0,3036,0.1167374679548667,0.1120463193804293,0.0969216771623735,0.1292345127831707
COL,3.0,1997.0,6024,-0.27447874345625034,-0.3649100941341091,-0.29433118711500916,-0.1513208289500497
COL,5.0,2005.0,3025,-0.2258855940668872,-0.2829185063917376,-0.2589051317096414,-0.0511988023828946
COL,6.0,2012.0,1512,-0.1362977212881783,-0.1388921441134613,-0.1166060294388614,-0.1687026312663247
COL,7.0,2018.0,1520,-0.2204903768015456,-0.189820750701529,-0.272456788684935,-0.1759164624379036
CYP,5.0,2006.0,1049,0.0092106987606358,0.0096192296426347,0.0455526618068064,-0.0369736673178609
CYP,6.0,2011.0,1000,0.0579559765404969,0.1449365167826719,0.0517220994827277,0.0395416632656524
CYP,7.0,2019.0,1000,-0.009914434845637,-0.097263017840407,0.058134622033058,-0.023235247205722
CZE,2.0,1991.0,924,-0.0417288670890771,0.16689831162349,0.0503692098861964,-0.1664732971494038
CZE,3.0,1998.0,1146,0.0015790577108352,-0.008589045432859,0.0192962571725589,-0.0272028912906388
CZE,7.0,2022.0,1200,0.0487986884085486,0.0892101334132034,-0.0080291494998812,0.0859682891935897
DEU,3.0,1997.0,2026,-0.002696573782352,-0.174200889750646,0.2404982243535338,-0.2477666096986918
DEU,5.0,2006.0,2064,0.0267105576163309,0.0795942197751768,0.0846211389803817,-0.1091711006541686
DEU,6.0,2013.0,2046,0.0551420421946404,-0.0873794828012078,0.1952163987942649,-0.2777416539886755
DEU,7.0,2018.0,1528,0.1421194146632846,-0.1393379820017324,0.3255652975242969,0.0667401610824374
DOM,3.0,1996.0,417,0.037434138316898,-0.1572993255749094,0.2087413544266685,-0.1487635622849427
DZA,4.0,2002.0,1280,0.022037384249224,0.036153278584628,0.0367755397105365,0.0078500932564767
DZA,6.0,2014.0,1200,-0.150499214664126,-0.3135964065008997,-0.111829572318397,-0.1353965169294886
ECU,6.0,2013.0,1202,-0.060532809634681,-0.0014398116524647,-0.0259424309088839,-0.2372496624312544
ECU,7.0,2018.0,1200,-0.1318234848562328,-0.0506230467964711,-0.1760935289615137,-0.1203607725475992
EGY,4.0,2001.0,3000,0.1557798205597181,-0.1683673331946442,0.248347637954797,0.1295465543316559
EGY,5.0,2008.0,3051,0.0839143166794086,0.191044503235341,0.0965271272683821,-0.0747454053713341
EGY,6.0,2013.0,1523,0.0549446770041461,0.1155544765122254,0.0201845043450414,-0.0084295150392617
EGY,7.0,2018.0,1200,-0.0421719129689514,0.0455542024959151,-0.0937294987281344,-0.0519212692597246
ESP,2.0,1990.0,1509,-0.0865771922695916,-0.2223185067925022,-0.0194733933571495,-0.0726080215204983
ESP,3.0,1995.0,1210,-0.0042869505967181,-0.1203472780199381,0.1409352317326706,-0.1396083085708814
ESP,4.0,2000.0,1209,0.0299896612073868,-0.0989254007202927,0.0674777137195718,0.0101921858891921
ESP,5.0,2007.0,1200,0.045179653216318,-0.0350125217727557,0.0443366087953702,0.0881142199230084
ESP,6.0,2011.0,1189,0.0721624621024239,0.1439676173367514,0.1680792156087297,-0.2805817613200865
EST,3.0,1996.0,1021,0.0048272314928899,-0.0353377159669263,0.0262125585155162,-0.0292044024196839
EST,6.0,2011.0,1533,0.0142137685545676,0.1128472497474795,0.0234059508011797,-0.1559205802458679
ETH,5.0,2007.0,1500,0.1684607347182747,0.2135729654528852,0.2121943807261851,0.0989296839331612
ETH,7.0,2020.0,1230,0.0417968270310993,-0.0659711444899622,0.1510931123533235,-0.0392013791394594
FIN,1.0,1981.0,1003,-0.4369636545935128,-0.6075599584967042,,-0.2663673506903214
FIN,3.0,1996.0,987,-0.064077028457594,-0.1559899057353826,-0.0143466259173176,-0.0325586342969941
FIN,5.0,2005.0,1014,0.0353371575308607,-0.2114907309552195,0.09817451712373,0.0871916461992337
FRA,5.0,2006.0,1001,-0.1203958246355059,-0.2761656821920337,-0.0658351872423193,-0.1862289828711101
GBR,3.0,1998.0,1093,-0.0495403187296075,-0.0950455439365522,0.1142617269874623,-0.3025847387802681
GBR,5.0,2005.0,1040,-0.0959725510942508,-0.3899490823738455,-0.0184234805353458,-0.0894420663521248
GBR,7.0,2022.0,2609,0.1786353227750056,0.1198838002883172,0.2007685946378335,0.1722555251278844
GEO,3.0,1996.0,2008,0.0682202366932363,0.0807198275205251,-0.0296326810598724,0.1801875865679202
GEO,5.0,2009.0,1500,0.0246577028732227,0.2164285322329334,0.0884478842544555,-0.1755723963087975
GEO,6.0,2014.0,1202,0.0709927207105771,0.1668572342398116,0.0287510797897261,0.1391828392889939
GHA,5.0,2007.0,1534,0.0978153949183045,-0.038968800599505,0.0434799489539495,0.2267461964817613
GHA,6.0,2012.0,1552,0.1318129717234008,0.0012120436276531,0.1485328867773896,0.1648774974997475
GRC,7.0,2017.0,1200,0.0423196661175154,-0.0579148569501496,0.147251722090447,-0.0057988501185672
GTM,5.0,2004.0,1000,0.0684703531834004,0.0156393090225389,-0.0356811392736936,0.1490965326695498
GTM,7.0,2020.0,1229,-0.2293765034696774,-0.2168824186449698,-0.2722630153287129,-0.186390608370513
HKG,5.0,2005.0,1252,-0.171398454857088,0.0855902348781122,-0.2033220273555075,0.0315491874905848
HKG,6.0,2014.0,1000,-0.020647043514121,-0.1700012580743629,-0.01032660832705,0.0925530188780068
HKG,7.0,2018.0,2075,-0.0127602988830705,0.0375927424505804,-0.0098713588297344,-0.0353756063039431
HRV,3.0,1996.0,1194,0.1656824302065101,0.2701814998378488,0.298893967716214,-0.0830207866024147
HTI,6.0,2016.0,1987,-0.3547608175466026,0.5131469573992758,-0.4154884966422158,-0.8404057102375314
HUN,1.0,1982.0,1436,0.2824148073607555,0.0882692520830042,,0.4765603626385069
HUN,3.0,1998.0,650,0.0958494243690761,0.2078394559026144,0.0028520199314246,0.1191661412364039
HUN,5.0,2009.0,1007,-0.0362791989006259,0.1530926090299731,-0.0639772408967311,-0.1058883002108425
IDN,4.0,2001.0,1000,-0.0182962865515578,0.1098303505009241,-0.0747298875480389,-0.0331987004098054
IDN,5.0,2006.0,2010,0.0601506676815833,0.1341180431645165,0.0088824831189933,0.0850866782050979
IDN,7.0,2018.0,3200,0.0813624152086102,0.1952760510789094,0.0703820716341555,0.024421294867642
IND,2.0,1990.0,2500,0.0331331352429178,-0.0537836815628261,0.0363320527779251,0.0970482351151787
IND,3.0,1995.0,2035,-0.077492395803634,0.0743121172692253,-0.2141350455559934,0.0288851231483224
IND,4.0,2001.0,1967,-0.1653131906524604,-0.1543171613096693,-0.1680365615407888,-0.1408755445906648
IND,5.0,2006.0,1977,-0.1513087470137218,-0.1831194034791984,-0.0819883209652033,-0.2733191927645249
IND,6.0,2012.0,4077,-0.0132386526440805,-0.0887735207027828,-0.0728096951807954,0.2455837796940159
IND,7.0,2023.0,1692,0.0111749288164785,-0.1338738854418538,0.1049727997921991,-0.0512232979795462
IRN,4.0,2000.0,2532,-0.0548968759114186,-0.0482006162133702,-0.1165583535770528,-0.0212547746629226
IRN,5.0,2007.0,2667,-0.0710095182553539,0.0350494317913782,-0.1514605894286544,0.03725080292077
IRN,7.0,2020.0,1499,-0.0312187247875371,-0.1753573413956306,0.0212244137720698,-0.0354260271258252
IRQ,4.0,2004.0,2325,-0.2225851145376353,-0.4721733451992533,-0.1606870784188446,-0.3537568193834059
IRQ,5.0,2006.0,2699,-0.1892334661189295,-0.2952555454475268,-0.1177903551202321,-0.4495126000218009
IRQ,6.0,2013.0,1200,-0.0818105891322822,-0.2315016778705573,-0.0976221156747544,0.0913030243984553
IRQ,7.0,2018.0,1200,-0.1708564314194605,-0.0254977028576187,-0.1666577453488815,-0.1947246590446404
ISR,4.0,2001.0,1199,-0.1619939606786229,-0.2815783370717288,-0.5231752322807585,0.4011048060622191
ITA,5.0,2005.0,1012,0.0494653414161103,0.0420676000726935,0.1523806471246354,-0.0756105167933367
JOR,4.0,2001.0,1221,0.0753799456065251,-0.0076759093406582,0.0194858022464962,0.1437097790063692
JOR,5.0,2007.0,1200,0.1228996156142918,0.1424634855982891,0.11644930720623,0.1079371838613393
JOR,6.0,2014.0,1200,0.0121078486062007,-0.0038149951355676,-0.041930650818978,0.1043141470434463
JOR,7.0,2018.0,1203,-0.1801419590677561,-0.167853925208704,-0.109793644037019,-0.2327066082223637
JPN,1.0,1981.0,1192,0.1243546585260473,0.332477915312494,,-0.0361189183272598
JPN,2.0,1990.0,1010,-0.1422248080408008,-0.1008114257621606,-0.2916540872517789,-0.031538651812923
JPN,3.0,1995.0,1054,-0.0289741465024667,-0.1427725263566398,0.0454868352382069,-0.0640937933701903
JPN,4.0,2000.0,1361,0.0067984028007303,-0.1509968557830482,0.0681342147851295,0.0064495687855363
JPN,5.0,2005.0,1096,-0.0557275671549397,-0.1054676349486723,-0.0872088583116555,0.0798548093868085
JPN,6.0,2010.0,2439,-0.0419296034215337,-0.0321262885035358,-0.0092407047106641,-0.0611021551487472
JPN,7.0,2019.0,1353,0.0811736696427246,0.0957394340521555,0.0936534536031747,0.0797613776967825
KAZ,6.0,2011.0,1500,0.0542627498462102,0.0707016899910685,0.0192211003859818,0.0509692099425462
KAZ,7.0,2018.0,1276,0.0379454478096733,0.0763532344010791,-0.0284029519186688,0.0784571802051833
KEN,7.0,2021.0,1266,-0.0326003705428045,0.24542531247668,-0.0895253623746531,-0.0689208546569571
KGZ,4.0,2003.0,1043,-0.1192555415255891,0.0137399442046555,-0.261852781585537,0.0551792553474943
KGZ,6.0,2011.0,1500,-0.047510258644133,0.0303957113710273,-0.14411914744089,0.1631219368274963
KGZ,7.0,2020.0,1200,-0.0024625639340359,-0.0283117934249609,0.0375069871708412,-0.0514829452162712
KOR,1.0,1982.0,967,-0.0521829577937028,0.1199627902443629,,-0.139711115472284
KOR,2.0,1990.0,1251,0.0076202588705553,0.0822332916843568,0.0459722656695131,-0.0745832269816362
KOR,3.0,1996.0,1249,0.1072574419936866,-0.0177180418673756,0.1278487352388867,0.1788592080146995
KOR,4.0,2001.0,1200,0.0378625280617003,0.11313937376583,-0.0136412542927275,0.0754928385598939
KOR,5.0,2005.0,1200,0.0403502274481211,0.1984464305551009,-0.027884801416595,0.0845081235031458
KOR,6.0,2010.0,1200,0.035465673514791,0.0127636479173857,0.0518577503013147,0.0152612828747206
KOR,7.0,2018.0,1245,0.0789115666213971,0.1940516741697915,0.0017810563935972,0.1032526707603258
KWT,6.0,2014.0,1299,0.0201506954619645,-0.114381300838635,0.0092796476394604,0.0716764533840105
LBN,6.0,2013.0,1200,-0.2343162060698425,-0.2251061888060592,-0.3393973096370419,0.1326940557987213
LBN,7.0,2018.0,1200,-0.280876174853284,-0.2253406391423086,-0.2890236911268281,-0.2741238440387714
LBY,6.0,2014.0,2129,-0.039478686234646,-0.3284522723017223,-0.0555434423104111,0.2328755989183223
LBY,7.0,2022.0,1196,-0.2366868728407323,-0.3258478549867842,-0.2284205947270027,-0.2216558287837315
LTU,3.0,1997.0,1009,-0.0853717514003774,0.1364724518251066,-0.1524847818520954,-0.1644322118945226
LVA,3.0,1996.0,1200,-0.0867923973551509,-0.0147943707898883,-0.1316408916228862,-0.0763496700607552
MAC,7.0,2019.0,1023,0.0280165084870376,0.1327680687687105,-0.021786853473743,0.0392362066565332
MAR,4.0,2001.0,1251,-0.0083996915962167,-0.1572051761104161,0.0909475134736679,-0.0188995917221241
MAR,5.0,2007.0,1200,0.0255389426194829,0.0954368604756433,-0.0256327954747426,0.028299069758761
MAR,6.0,2011.0,1200,0.011732145166087,-0.1297710133624089,0.1409570066443178,-0.1838833695522206
MAR,7.0,2021.0,1200,-0.0252436186449377,-0.0782533798042602,-0.0716772304028303,0.0354511980982173
MDA,3.0,1996.0,984,-0.0795706067392718,-0.021052439445071,-0.1924048842681152,-0.0166602541069023
MDA,4.0,2002.0,1008,-0.00409028137259,0.0325617174713168,-0.179932148925367,0.1446610003278849
MDA,5.0,2006.0,1046,-0.126814116346233,0.0332890601666021,-0.17859577436113,-0.1159717203502577
MDV,7.0,2021.0,1039,-0.0152098547649901,0.0207867889439793,-0.0337894369157246,0.0070391966048921
MEX,1.0,1981.0,1837,-0.0743544321348905,0.0306869689847163,,-0.1309531466742033
MEX,2.0,1990.0,1531,-0.0512835424874837,0.0546663963986713,-0.0024158351719335,-0.1478041185318923
MEX,3.0,1996.0,1510,-0.0959811794006377,-0.0337994912863355,-0.1008903825461324,-0.0917428177863121
MEX,4.0,2000.0,1535,-0.1041780495124474,-0.0294930664122895,-0.0769082931172068,-0.1813179060835661
MEX,5.0,2005.0,1560,-0.1260496446115092,-0.0952612201155317,-0.1791914231327016,-0.0203320819420892
MEX,6.0,2012.0,2000,-0.139197511948051,-0.0952376866343403,-0.134425481411015,-0.2049544208876221
MEX,7.0,2018.0,1741,-0.1310374825707052,-0.0193157844861983,-0.2864065156821176,-0.0149511195266185
MKD,3.0,1998.0,994,0.0063138152532253,0.2487771167966677,-0.0783178788403572,0.0150458406284312
MKD,4.0,2001.0,1054,-0.1336500036921113,0.2181043428523393,-0.2080288112909907,-0.1365478785265691
MLI,5.0,2007.0,1533,0.0452608346011239,-0.0834348928373153,-0.0210102325980655,0.2401411249349443
MMR,7.0,2020.0,1200,0.0807651805919881,0.1075789835678057,0.1522924532115794,-0.0122826635765886
MNE,3.0,1996.0,240,0.0939455933358228,0.1124872418303916,0.113548339097612,0.0406372531660128
MNE,4.0,2001.0,1060,0.0088937000761477,0.3522589428144442,0.0136630049160461,-0.1319402513940893
MNG,7.0,2020.0,1638,-0.1544278133515854,-0.0773608416604892,-0.26250354641357,-0.0729207635512705
MYS,5.0,2006.0,1201,-0.1586917121413026,-0.0028766876048695,-0.2006255187834512,-0.149029111852194
MYS,6.0,2012.0,1300,0.120987840481617,-0.0435903868895609,0.1422133539908658,0.1340009579680893
MYS,7.0,2018.0,1313,-0.1329569639421604,0.0910939394496009,-0.1899861128698159,-0.1549944862594169
NGA,2.0,1990.0,1001,0.0832879021419998,0.0386541128827667,0.0217266186557123,0.1020799065440703
NGA,3.0,1995.0,1995,0.0996511605700451,0.2056286982711087,0.0785504560385618,0.0184717170224642
NGA,4.0,2000.0,2022,-0.0348585218401905,0.1515187736921932,-0.1218395278345116,-0.0051122286512058
NGA,6.0,2012.0,1759,0.0166397123179096,-0.0087685989040078,-0.0326390909998498,0.2098875786007815
NGA,7.0,2018.0,1237,0.0454572877364704,0.0877656186735804,-0.0278806873660292,0.0747008873133698
NIC,7.0,2020.0,1200,-0.0548232827983254,-0.0090544232381271,-0.1337647916531698,0.0006159005973561
NIR,7.0,2022.0,447,0.1397828352812506,0.1384813865322177,0.185888107567708,0.0989943679829887
NLD,5.0,2006.0,1050,-0.1079539608471067,-0.286840657037972,-0.0371412601616367,-0.2156655069132479
NLD,6.0,2012.0,1897,0.0048607567070257,-0.0554987791787117,0.055048927880986,-0.1066830171081284
NLD,7.0,2022.0,2087,0.0742575998354146,-0.029872697055435,0.1134247938575059,0.0680966914550358
NOR,3.0,1996.0,1125,0.1391374805373101,-0.2155643045962563,0.2384714353012313,0.2106474115193181
NOR,5.0,2007.0,1024,0.0827469234009377,-0.3303107976326847,0.0856358012224566,0.3202816517440134
NZL,3.0,1998.0,1200,-0.0078544127744855,-0.0592970732272747,0.1329133495621516,-0.136217195114161
NZL,5.0,2004.0,953,0.2170283520022413,0.0522416443690737,0.3813002357738377,0.1813058117743398
NZL,6.0,2011.0,839,0.1462450618826637,0.1396422992194488,0.2135743736474397,0.0635911005828974
NZL,7.0,2020.0,1057,0.1980862456825251,0.1425820511313159,0.2851640942063774,0.1436716908697683
PAK,3.0,1997.0,733,-0.1206913857312046,-0.0437798287173416,-0.572752914100817,0.1037714095013406
PAK,4.0,2001.0,2000,-0.0027643340647525,0.2471794806658179,-0.0862107413052542,-0.0421368506186665
PAK,6.0,2012.0,1200,0.0137109977724695,-0.2934864200885813,0.0364069349211806,0.1808704208780961
PAK,7.0,2018.0,1995,-0.1390044920521014,-0.206357781683659,-0.0729150734922151,-0.1769646281382345
PER,3.0,1996.0,1211,-0.0168929832887972,-0.0394557742892091,0.0809735777354318,-0.1585775875009838
PER,4.0,2001.0,1501,0.0099263678563419,-0.0950673754615734,0.0290549106749438,-0.0364741976574021
PER,5.0,2006.0,1500,-0.095291020122505,-0.1515960444516097,-0.1116931937930638,-0.0455303154260346
PER,6.0,2012.0,1210,-0.1138973057126239,-0.0681796692907048,-0.1391350963840817,-0.102864651268371
PER,7.0,2018.0,1400,-0.1683229291948111,-0.1818616712077473,-0.2037734611713741,-0.1311879564092939
PHL,3.0,1996.0,1200,-0.1409328779261484,-0.0966810567944732,-0.2324281626534762,-0.0502371717944079
PHL,4.0,2001.0,1200,-0.1340714492336106,-0.0194734316922483,-0.1976159815565755,-0.1093956681457283
PHL,6.0,2012.0,1200,0.012891887394991,-0.2282135914290619,0.0491091167562453,0.0481646578634934
PHL,7.0,2019.0,1200,-0.0187108458610074,0.0882563873511677,-0.0380298860684301,-0.0559220001430935
POL,2.0,1989.0,938,0.0866001201085406,0.1057347386003082,0.0410297447800434,0.0277238468346648
POL,3.0,1997.0,1153,-0.0891998192161705,-0.0331333364745277,-0.2199163772339268,-0.039421502652727
POL,5.0,2005.0,1000,-0.0016311056324798,-0.0233986535869286,-0.0180674079827972,-0.0185923319040166
POL,6.0,2012.0,966,-0.0247296278874393,0.038659820932269,0.0239565733157319,-0.3225479341705546
PRI,3.0,1995.0,1164,0.0440218780574156,-0.2215723174865983,0.1818854979806381,0.012664753629059
PRI,4.0,2001.0,719,0.0577447838413733,-0.1588661069070857,0.1883252144803468,-0.0114123506419298
PRI,7.0,2018.0,1126,0.1501447267266021,0.0022920388883423,0.1738993850868684,0.1770320496685386
PSE,6.0,2013.0,1000,-0.1624247153032686,0.0512244588499161,-0.2174871150540454,-0.1710233967390088
QAT,6.0,2010.0,1060,0.1552523105675783,-0.1132159689032465,0.1493823198521599,0.2964123367141091
ROU,3.0,1998.0,1239,0.0589042538418641,0.2130596659919655,0.0594567568406227,-0.0115603750543383
ROU,5.0,2005.0,1776,0.0612002701365277,0.2202514110489646,0.0642741961097471,-0.0190615060726808
ROU,6.0,2012.0,1503,0.0116308732784066,-0.0096032984936131,0.0508709767034987,-0.1489030805240718
ROU,7.0,2018.0,1257,-0.0075763812927538,-0.1757732441760019,0.0038263945007424,0.0458126813685161
RUS,2.0,1990.0,1960,0.1781297096984372,0.0683276641684039,0.0984313106844503,0.2677618743807968
RUS,3.0,1995.0,2040,-0.1439890026761543,0.0220192976163511,-0.479680150762984,0.1231837718977905
RUS,5.0,2006.0,2032,0.097092091290869,0.2949590668832679,0.0113040240074938,0.2138268133040892
RUS,6.0,2011.0,2500,-0.0528090192389169,0.0676723299801819,-0.1276710455818947,-0.0424852680651692
RUS,7.0,2017.0,1810,-0.0768093918921813,-0.0432092527038883,-0.0612833593268515,-0.1156267143118018
RWA,5.0,2007.0,1507,-0.0415089435894042,-0.3431021249014165,-0.0393436351808557,0.1501113172321571
RWA,6.0,2012.0,1527,-0.0290331927973437,0.1752245293375723,-0.0385475573184494,-0.0261710287582973
SAU,4.0,2003.0,1502,-0.0085838386483743,-0.2757442061416834,0.0696925221931156,0.0484154796507823
SGP,4.0,2002.0,1512,0.076266090121665,-0.0043661452923905,0.07081755532599,0.1832969639469787
SGP,6.0,2012.0,1972,0.0308947044105092,0.0468992121284677,0.0023519925154752,0.1219892603470987
SGP,7.0,2020.0,2012,0.0993800295509982,0.122117023300196,0.1129570999799675,0.0791936002090708
SLV,3.0,1999.0,1254,-0.3072420194452749,-0.693344197620397,0.0210836066623035,-0.3688033962176054
SRB,3.0,1996.0,1280,0.0099589642128092,0.1801167764769415,-0.0006908794466345,-0.1124561817143246
SRB,4.0,2001.0,1200,-0.0763228180105319,0.2714768526610401,-0.048129061789495,-0.2571006023012852
SRB,5.0,2006.0,1220,-0.1236851170626741,0.0910492743800562,-0.15095088575614,-0.1827272478503823
SRB,7.0,2017.0,1045,-0.1905094640238067,-0.1512336146099628,-0.1800964266252867,-0.2133361397767638
SVK,2.0,1990.0,466,-0.1602380857360185,0.0951278047064775,-0.2259590311611896,-0.2482488194529662
SVK,3.0,1998.0,1095,0.0004176188029352,0.0953470714081107,-0.0440801431306679,-0.0629582542404289
SVK,7.0,2022.0,1200,-0.0027483730743256,0.0593499261409487,0.012248585575402,-0.0487002498437477
SVN,3.0,1995.0,1006,-0.0910278083193926,0.0075416851685714,-0.0821912534001175,-0.1273319268476463
SVN,5.0,2005.0,1037,-0.1651973493607462,0.0020372142579548,-0.1288756462013747,-0.268890744968653
SVN,6.0,2011.0,1069,-0.1245687806566528,0.0344625133974746,-0.0716876728152313,-0.3498389394762165
SWE,3.0,1996.0,1009,0.1710099788713726,-0.0921776666146288,0.3615356546326584,0.0158978318403481
SWE,4.0,1999.0,1015,0.1213037150212128,-0.3270870321130678,0.2453004969066921,0.13437493119559
SWE,5.0,2006.0,1003,0.1331776691701422,-0.1918430997915726,0.2006276585471252,0.194755554877737
SWE,6.0,2011.0,1206,0.1029785624298975,-0.2668767391929401,0.2599584897781971,0.0068091370557864
THA,5.0,2007.0,1534,-0.212774440426745,-0.049553959726411,-0.2430783279645322,-0.246549442221959
THA,6.0,2013.0,1200,0.0615888853102047,-0.1180392257616406,0.0833623423334584,0.0765996627801886
THA,7.0,2018.0,1500,-0.1123547688225089,0.1140397030103414,-0.2221849157362522,-0.0973572798010671
TJK,7.0,2020.0,1200,0.034075848328961,0.0411010872642727,0.053425225020442,-0.0322702319631624
TTO,5.0,2006.0,1002,-0.0187007003600862,0.0556850040646559,0.0060656900092073,-0.0982340743402723
TTO,6.0,2010.0,999,0.024834292218393,0.038482564462849,0.0516786846941924,-0.0700955691166196
TUN,6.0,2013.0,1205,0.0377223752921595,0.2220717648350645,-0.0530240584551039,0.0993954390048132
TUN,7.0,2019.0,1208,-0.1557364188230209,-0.1674640723256837,-0.1983629780286364,-0.1268335304662642
TUR,2.0,1990.0,1024,-0.1643615801889259,-0.1025211974956141,-0.3521593100794243,-0.0614535962209494
TUR,3.0,1996.0,1905,-0.0340128332964662,-0.0450071941183578,0.0138814672200964,-0.0917483074437301
TUR,4.0,2001.0,3401,-0.1556715442504355,-0.0135401639020372,-0.18267185986175,-0.1734204971725439
TUR,5.0,2007.0,1346,-0.0092892554356765,-0.0845399990523563,0.0346416330909012,-0.0811980997992334
TUR,6.0,2011.0,1605,0.0581385214881337,-0.0387564425453907,0.0536915670243329,0.1378343117792435
TUR,7.0,2018.0,2414,-0.1243525498356888,-0.1922623408426254,-0.1277897216370672,-0.0893039751125847
TWN,3.0,1998.0,779,-0.0178980887668876,-0.0791972292747357,-0.0346452072935701,0.0681695624319627
TWN,5.0,2006.0,1227,0.0814790271577971,0.2064437013676788,0.1075581124078565,-0.039412183692016
TWN,6.0,2012.0,1232,0.1385436049926614,0.1573918726344776,0.1701986321661978,-0.0012622696220711
TWN,7.0,2019.0,1223,0.1033437395722782,0.1781486594169349,0.169821061884639,0.0080473190994249
TZA,4.0,2001.0,1167,0.0602967678351769,0.0326944964265338,0.0118397759043475,0.1596430820519822
UGA,4.0,2001.0,1002,0.1477406077316422,0.2237379891731669,0.1252808348032334,0.1940499717623584
UKR,3.0,1996.0,2809,-0.0617564218455916,0.0641499389490041,-0.2443140997982938,0.0619017176929408
UKR,5.0,2006.0,1000,-0.0391739361932767,0.1070108076004564,-0.1058839234137599,-0.0648434256472992
UKR,6.0,2011.0,1500,-0.0602508984349991,0.1442595124910992,-0.0870945145887515,-0.2120654970978687
UKR,7.0,2020.0,1289,0.0561145988785445,0.0550123737164327,-0.0373739152749609,0.1296269266106485
URY,3.0,1996.0,1000,0.0274153980568858,0.1009947714791228,0.0933937965845842,-0.1466336321450458
URY,5.0,2006.0,1000,0.0352614747296794,0.0196180083993621,0.0472396291263194,0.0230375822523127
URY,6.0,2011.0,1000,-0.0251108724722607,-0.1005651168715654,0.1154459498460461,-0.2947124122099473
URY,7.0,2022.0,1000,0.1483065624746881,-0.009340324803739,0.1706168644541996,0.1791451034050276
USA,3.0,1995.0,1542,0.0707867029225961,-0.0023562704507417,0.2332992508863654,-0.0454554455205924
USA,4.0,1999.0,1200,0.0836186445730011,-0.0336400288842864,0.1755462099775977,0.0714461596193069
USA,5.0,2006.0,1235,-0.0333517609335242,0.1740333339416878,-0.0326845556230193,-0.0384442971180915
USA,6.0,2011.0,2221,0.1195149951432025,0.2884077740896703,0.0964574503081569,0.1647571002476976
USA,7.0,2017.0,2595,0.0351632231034468,0.0563855388939178,0.0320084101145011,0.0690445944073235
UZB,6.0,2011.0,1500,0.152308931258479,-0.0252503974638334,0.136031047264534,0.3087022251968163
UZB,7.0,2022.0,1250,0.0775950907386534,0.2040907262856868,-0.0310416065412778,0.1376037145578154
VEN,3.0,1996.0,1200,-0.1199939979556388,0.1515534310118175,-0.2742678034331834,-0.0574571581606927
VEN,4.0,2000.0,1200,0.077131746205741,-0.0658999395566884,0.145488331681144,-0.0084678318586581
VEN,7.0,2021.0,1190,-0.0583628164122504,-0.0067303695050865,-0.1075986174566127,-0.0198223610858551
VNM,4.0,2001.0,1000,0.0912604991835746,-0.030712859790914,0.2090621184029335,-0.0459318482111472
VNM,5.0,2006.0,1495,0.2717295869910553,0.115118450423832,0.3299423795158464,0.2293239082706252
VNM,7.0,2020.0,1200,0.2064394282702993,0.2732764352431679,0.1688507970203259,0.2269796258243084
YEM,6.0,2014.0,1000,0.1096899823224152,0.1505937520081522,0.0398936296799962,0.1481362599042525
ZAF,1.0,1982.0,1595,0.0311943105090653,-0.1378259177648156,,0.1215472855824611
ZAF,2.0,1990.0,2736,-0.0002271492512917,0.1783829190613424,0.0138048614818755,-0.0622108080313702
ZAF,3.0,1996.0,2935,-0.0132761380526383,0.143971961764748,-0.049167647911828,-0.0424657163009756
ZAF,4.0,2001.0,3000,-0.0422182570285291,0.1210414792865183,-0.0675634723109516,-0.0682029271935749
ZAF,5.0,2006.0,2988,-0.0291394804211721,0.051533072002918,0.0131828158382466,-0.1652564637161593
ZAF,6.0,2013.0,3531,-0.1006769827619191,-0.0950087948873681,-0.1498969946159212,0.0272874740162639
ZMB,5.0,2007.0,1500,-0.0339587129622326,0.0508322542748504,-0.093238965894037,0.0131690659398928
ZWE,4.0,2001.0,1002,0.0427108401445702,0.2440518425372887,0.0570304604993487,-0.0569474049170271
ZWE,6.0,2012.0,1500,0.1614836007693483,0.1639183156679917,0.198791350794159,0.0651320279932029
ZWE,7.0,2020.0,1215,0.1466044428098017,0.2173423358873604,0.1089057652415569,0.1497282485744076
