wave,weighting_year,weighted_variance,n_countries,top1_share,balanced_panel
1.0,1974,0.029062663223487578,8,0.5981839896818425,False
1.0,1975,0.02964981329277769,8,0.6081823515904579,False
1.0,1976,0.031031437429437644,8,0.6237804310612015,False
1.0,1977,0.03057439394969758,8,0.6591996289770715,False
1.0,1978,0.02867203251238858,8,0.6890885160996626,False
1.0,1979,0.031406298954126534,8,0.6691169095200101,False
1.0,1980,0.030893611522621947,8,0.6297388288238032,False
1.0,1981,0.03128050517800619,8,0.6205210702891761,False
1.0,1982,0.03331572760159817,8,0.6220399434543397,False
1.0,1983,0.03243685039168819,8,0.6467370833248418,False
1.0,1984,0.033059962749280865,8,0.6418098322570257,False
1.0,1985,0.03271732130211657,8,0.6686727968908482,False
1.0,1986,0.02777446491493194,8,0.7487775762663602,False
1.0,1987,0.027384197242322886,8,0.761329818995823,False
1.0,1988,0.028730849356271928,8,0.7600181712847418,False
1.0,1989,0.03286775503319153,8,0.7382962994515838,False
1.0,1990,0.0342887119407172,8,0.7103207204102674,False
1.0,1991,0.03427519489725676,8,0.7145644990546686,False
1.0,1992,0.033882618735744434,8,0.7169964356417986,False
1.0,1993,0.03318633100838939,8,0.7218594749167249,False
1.0,1994,0.03408210626464543,8,0.7248684619266472,False
1.0,1995,0.035678624709375155,8,0.7423062562535075,False
1.0,1996,0.039716275810476646,8,0.7052464358021767,False
1.0,1997,0.04023972418321428,8,0.6748161481854441,False
1.0,1998,0.035113512155161945,8,0.674798781443222,False
1.0,1999,0.03700696182190322,8,0.6844045560618235,False
1.0,2000,0.03833116293165099,8,0.6794885116303326,False
1.0,2001,0.039650477772438575,8,0.654362285060682,False
1.0,2002,0.043565202462105525,8,0.6483696449051805,False
1.0,2003,0.0444201327302629,8,0.6422505417021206,False
1.0,2004,0.0453128284668276,8,0.6239265858588926,False
1.0,2005,0.04821872231018238,8,0.5902608934835712,False
1.0,2006,0.05058790708508616,8,0.554902731688402,False
1.0,2007,0.05205658180019152,8,0.5247865844810848,False
1.0,2008,0.04850408036964151,8,0.5379190189391867,False
1.0,2009,0.04675922703369657,8,0.5779025644649824,False
1.0,2010,0.04819002633672698,8,0.5548451073237064,False
1.0,2011,0.04822350573653985,8,0.5410958599880189,False
1.0,2012,0.04846643323788226,8,0.5351985833483279,False
1.0,2013,0.05134879668080332,8,0.4805590559111863,False
1.0,2014,0.053325173987781256,8,0.46477420763943983,False
1.0,2015,0.05496760268414451,8,0.4547055516101955,False
1.0,2016,0.055226248884127936,8,0.4968434838380084,False
1.0,2017,0.05600897336980793,8,0.4699503720861442,False
1.0,2018,0.05640005144075872,8,0.46610608013380284,False
1.0,2019,0.05547295746330567,8,0.476785816839553,False
1.0,2020,0.05668848722231978,8,0.490815439015183,False
1.0,2021,0.05675189872392602,8,0.45315538251171555,False
1.0,2022,0.055229937119683,8,0.4022138895275795,False
1.0,2023,0.05425198876218902,8,0.3833016056175701,False
2.0,1974,0.0573616261200214,13,0.38293201451919456,False
2.0,1975,0.057646088089005086,13,0.38315984726318214,False
2.0,1976,0.05517672181387278,13,0.3979814658059489,False
2.0,1977,0.055258976036723556,13,0.4220316621510493,False
2.0,1978,0.049063579893860065,13,0.47090191642782203,False
2.0,1979,0.05007958805324656,13,0.4395336222413761,False
2.0,1980,0.050599621543564594,13,0.4184710146450407,False
2.0,1981,0.05033993972609865,13,0.4169895775504041,False
2.0,1982,0.052530960900204815,13,0.4128607287930376,False
2.0,1983,0.05546285625961938,13,0.45093138282123346,False
2.0,1984,0.05553949135080059,13,0.46021724452325957,False
2.0,1985,0.05729909664983329,13,0.4634102470912,False
2.0,1986,0.05157681566698438,13,0.5413161007720595,False
2.0,1987,0.047569143557205144,13,0.5614566279859817,False
2.0,1988,0.046322797385861404,13,0.5774884887210673,False
2.0,1989,0.04712838812581454,13,0.5529977836718677,False
2.0,1990,0.04704998666371022,14,0.5097042335318526,False
2.0,1991,0.04584353052561787,14,0.5370842276422948,False
2.0,1992,0.04960729802621422,15,0.5077062367174833,False
2.0,1993,0.047926281176396156,18,0.5260415866765049,False
2.0,1994,0.049200043783598386,18,0.5243682306626039,False
2.0,1995,0.05107537977864769,18,0.5146236114179913,False
2.0,1996,0.053850612623384655,18,0.46448822581982097,False
2.0,1997,0.05532395065603682,18,0.43453573789225464,False
2.0,1998,0.05567702181312054,18,0.4155555225582205,False
2.0,1999,0.05695638017164426,18,0.4567257136818017,False
2.0,2000,0.05740890944071774,18,0.4560785301045012,False
2.0,2001,0.06038592680449049,18,0.42152516718831545,False
2.0,2002,0.06263795024754153,18,0.4004915293047513,False
2.0,2003,0.06317346992889056,18,0.3856841049573995,False
2.0,2004,0.06332511148780227,18,0.3644713104113807,False
2.0,2005,0.06273673593495452,18,0.3253996807893409,False
2.0,2006,0.06226602804789418,18,0.28293199851470585,False
2.0,2007,0.06183026502433454,18,0.24372836254047356,False
2.0,2008,0.06300527195852844,18,0.2367480541625692,False
2.0,2009,0.06663128217433956,18,0.2503572543142447,False
2.0,2010,0.06475872050976002,18,0.24773690696313005,False
2.0,2011,0.06442023584776062,18,0.26618704162816076,False
2.0,2012,0.06476588852487655,18,0.2910306571984309,False
2.0,2013,0.06197905022556617,18,0.3213142786768846,False
2.0,2014,0.061247442398704555,18,0.3435016415729876,False
2.0,2015,0.06205874553516992,18,0.38526697731152876,False
2.0,2016,0.06424898248936023,18,0.3825880943863076,False
2.0,2017,0.061793054889681384,18,0.38714845571589324,False
2.0,2018,0.06171575190013102,18,0.4111920974450046,False
2.0,2019,0.06167001301808575,18,0.4167996309709627,False
2.0,2020,0.06262785615488325,18,0.4405316664211459,False
2.0,2021,0.05917132545732788,18,0.4616685047848104,False
2.0,2022,0.05510660171209138,18,0.45819870469843305,False
2.0,2023,0.05522984798118323,18,0.44519861622860046,False
3.0,1974,0.013887540976832828,32,0.40509458375162455,False
3.0,1975,0.013729560755603805,32,0.40128850912665304,False
3.0,1976,0.013769044348536165,32,0.41211483083133094,False
3.0,1977,0.014049048035359717,32,0.40480488408120585,False
3.0,1978,0.014629608879791346,32,0.38380504191314174,False
3.0,1979,0.014174084044028522,32,0.37602063296226657,False
3.0,1980,0.01394932241273694,34,0.36741693278076387,False
3.0,1981,0.014325590345871697,34,0.38728629544535903,False
3.0,1982,0.014018925415419582,34,0.4080012084348927,False
3.0,1983,0.014287840567493798,34,0.43172061767567077,False
3.0,1984,0.014511129867794025,34,0.45510768018792763,False
3.0,1985,0.014484463370003371,34,0.46365980337996104,False
3.0,1986,0.015287629362889509,34,0.4181131695252511,False
3.0,1987,0.015276680714708897,35,0.38911540573794784,False
3.0,1988,0.015514132497843364,35,0.3724147128187837,False
3.0,1989,0.015330361970032258,35,0.38153594625884635,False
3.0,1990,0.014824437270956151,36,0.36361090443907773,False
3.0,1991,0.015192899051783289,36,0.3557594507600828,False
3.0,1992,0.01491772824169478,44,0.3414525174597708,False
3.0,1993,0.01545902526481666,49,0.3438469945321436,False
3.0,1994,0.015563500267397954,49,0.3375083760581497,False
3.0,1995,0.015222672079887624,51,0.3179882584584797,False
3.0,1996,0.014914048483462826,51,0.3313099722166084,False
3.0,1997,0.014788598077158953,51,0.3499899810726755,False
3.0,1998,0.014589743545261375,51,0.36862720797720694,False
3.0,1999,0.015029112223029209,51,0.37858079303073366,False
3.0,2000,0.015283019837347327,51,0.38513340868347296,False
3.0,2001,0.01488360250549131,51,0.40096701103597804,False
3.0,2002,0.014351229202475006,51,0.40220846116305453,False
3.0,2003,0.014048489558504169,52,0.3815137401584082,False
3.0,2004,0.013800809646459316,52,0.36316382204112335,False
3.0,2005,0.013503715810866434,52,0.3581914482267808,False
3.0,2006,0.013103447248654403,52,0.35203703548660786,False
3.0,2007,0.012687218869635218,54,0.32925798277020396,False
3.0,2008,0.01288318718297615,54,0.30832505485167294,False
3.0,2009,0.01333850523697201,54,0.3161052449754676,False
3.0,2010,0.013313767202849009,54,0.29828895730881616,False
3.0,2011,0.013250308667166045,54,0.2786469198073627,False
3.0,2012,0.013207650588574187,54,0.2817779732951127,False
3.0,2013,0.012600185663760284,54,0.2847032571633163,False
3.0,2014,0.012296988226796559,54,0.28783274502039313,False
3.0,2015,0.012041274290558852,53,0.31353609705927893,False
3.0,2016,0.012356946329054234,53,0.3168072206440494,False
3.0,2017,0.012189327403269655,53,0.31012067394208737,False
3.0,2018,0.011998177339893008,53,0.3075436103806039,False
3.0,2019,0.011911737590007925,53,0.3150062696475427,False
3.0,2020,0.011695514974785076,53,0.31925970077733934,False
3.0,2021,0.01131287183320393,53,0.3105030664347602,False
3.0,2022,0.010879768916463039,53,0.3286371788038824,False
3.0,2023,0.010907766054708274,53,0.3356076007586197,False
4.0,1974,0.009946451708747915,33,0.4884990992841139,False
4.0,1975,0.009843642278189036,33,0.4880257729299508,False
4.0,1976,0.009476527877573002,33,0.4907847139750045,False
4.0,1977,0.009551528844707112,33,0.4839157807823542,False
4.0,1978,0.009893721777146307,33,0.4681240424087005,False
4.0,1979,0.009895509399213786,33,0.46379088089570014,False
4.0,1980,0.009894333884741773,34,0.45246834113549966,False
4.0,1981,0.009580768299281093,34,0.4571923831890996,False
4.0,1982,0.009343519909546115,34,0.47978160170664363,False
4.0,1983,0.009314148405335263,34,0.49338020179636255,False
4.0,1984,0.009376847912283007,34,0.5105367268702224,False
4.0,1985,0.009316798647284493,35,0.517430311724907,False
4.0,1986,0.009636932823991971,35,0.4841156948604697,False
4.0,1987,0.009608534612070029,35,0.4667888463933325,False
4.0,1988,0.009724305924672334,35,0.4489616483784607,False
4.0,1989,0.009529945905169795,35,0.46041331816382913,False
4.0,1990,0.010168866831517706,35,0.4484788956377853,False
4.0,1991,0.009735936492462162,35,0.43876342868817464,False
4.0,1992,0.009888236779572734,38,0.4338749816978602,False
4.0,1993,0.0099877525813374,39,0.4292282218462787,False
4.0,1994,0.010029064595090903,39,0.4225180807026803,False
4.0,1995,0.010048695639334485,39,0.4078180600678849,False
4.0,1996,0.010082899248369793,39,0.42328527233500923,False
4.0,1997,0.010106930307216199,39,0.44296308429521347,False
4.0,1998,0.010243847514146694,39,0.46897705277890434,False
4.0,1999,0.010236901313774704,39,0.46549863054767626,False
4.0,2000,0.010249191158847657,39,0.4623429903462437,False
4.0,2001,0.010105054578554418,39,0.4815227837845832,False
4.0,2002,0.009744272286950026,39,0.48771572253147133,False
4.0,2003,0.009839080756734918,39,0.4712175623512444,False
4.0,2004,0.010056381176637557,39,0.45533279938070076,False
4.0,2005,0.010120744449189378,39,0.44911960290205627,False
4.0,2006,0.010179221020907018,39,0.4423880850718798,False
4.0,2007,0.010487057025630422,41,0.42121695460298,False
4.0,2008,0.011072177162379614,41,0.39636943238852984,False
4.0,2009,0.011099249177023436,41,0.39308066847090783,False
4.0,2010,0.011274381567766598,41,0.3675164115597019,False
4.0,2011,0.011665335651925748,41,0.34586903195836866,False
4.0,2012,0.01167793294277586,41,0.3447345522180115,False
4.0,2013,0.011518420634547123,41,0.3503491716034571,False
4.0,2014,0.011323678292971795,41,0.3523952014163251,False
4.0,2015,0.011017707570689539,40,0.371062652683934,False
4.0,2016,0.01107052852165294,40,0.3700416269295121,False
4.0,2017,0.011106123010313764,40,0.364059018992505,False
4.0,2018,0.01089998736030403,40,0.36103140620390445,False
4.0,2019,0.010668768049547165,40,0.3668604084679615,False
4.0,2020,0.010407201143718969,40,0.3693454765084977,False
4.0,2021,0.010439633044583105,40,0.3590659349683449,False
4.0,2022,0.010185416491815036,40,0.37753372260920953,False
4.0,2023,0.010272370947440873,40,0.38875357316642883,False
5.0,1974,0.011128987401665484,45,0.3361733485964159,False
5.0,1975,0.011002514434035585,46,0.3295969788879526,False
5.0,1976,0.011112104136419988,46,0.3382325128464618,False
5.0,1977,0.011058858479506928,46,0.3327890759679087,False
5.0,1978,0.01098351133647183,46,0.3162293482213485,False
5.0,1979,0.010875986454114752,46,0.30736697080114117,False
5.0,1980,0.010872220446200688,47,0.29828759319480314,False
5.0,1981,0.01099597935677091,47,0.3258954737854876,False
5.0,1982,0.011083078511729983,47,0.34171915573861167,False
5.0,1983,0.010974466248476412,47,0.35985079646157403,False
5.0,1984,0.011110046920178005,47,0.38176090392870365,False
5.0,1985,0.011109259979204164,49,0.38923174106628916,False
5.0,1986,0.010904954974762774,49,0.3447561776852965,False
5.0,1987,0.01068504057714922,50,0.31932540450092023,False
5.0,1988,0.010422883686054171,50,0.307220454910981,False
5.0,1989,0.010382601097396527,50,0.3152240410721516,False
5.0,1990,0.010682119170435338,51,0.29465438792294835,False
5.0,1991,0.00988400559594348,51,0.29198808822813427,False
5.0,1992,0.0097178908444926,55,0.2821162816849455,False
5.0,1993,0.0099374984285655,55,0.2915163040324304,False
5.0,1994,0.010028123181307016,55,0.28765194389412535,False
5.0,1995,0.009914214345196447,55,0.27159697078227524,False
5.0,1996,0.010096576295953662,55,0.281659984569292,False
5.0,1997,0.010392428642721918,55,0.3006496624962722,False
5.0,1998,0.010656855705296788,55,0.31825452132922155,False
5.0,1999,0.010531547391718226,55,0.32552308621129683,False
5.0,2000,0.010608836382427338,55,0.3354503936163709,False
5.0,2001,0.010635346814693835,55,0.34874711101739125,False
5.0,2002,0.010348230204403584,55,0.3476302809718136,False
5.0,2003,0.010118381943802428,56,0.32545416395402976,False
5.0,2004,0.010027935373694799,56,0.30918989081286596,False
5.0,2005,0.01008478882720875,56,0.3062030778311373,False
5.0,2006,0.010127297847734721,56,0.30104659854538585,False
5.0,2007,0.010067290275295064,57,0.28083057487989693,False
5.0,2008,0.010123620112979102,57,0.2629936485849516,False
5.0,2009,0.010233320251882576,57,0.2706554832559673,False
5.0,2010,0.010241848325782838,57,0.2569890027706293,False
5.0,2011,0.010208277782592791,57,0.23963929486680313,False
5.0,2012,0.010207651691201115,57,0.24465969241068572,False
5.0,2013,0.01024069448813466,57,0.24772669768122962,False
5.0,2014,0.010204151468111152,57,0.25213400889375825,False
5.0,2015,0.010048633575240721,57,0.27576478558659245,False
5.0,2016,0.010051311262894961,57,0.2782089358123237,False
5.0,2017,0.010074749077283588,57,0.27259558211049895,False
5.0,2018,0.009930186028764824,57,0.27066554575685614,False
5.0,2019,0.009868133424953913,57,0.27803575965608235,False
5.0,2020,0.009622626910410593,57,0.28248166643992795,False
5.0,2021,0.009520811501351043,57,0.27460232193174977,False
5.0,2022,0.009651557363792347,57,0.29167223675892606,False
5.0,2023,0.009830732717357456,57,0.29721738113413826,False
6.0,1974,0.013383389222836958,42,0.4225568683401125,False
6.0,1975,0.013222733441522343,43,0.42110887827401516,False
6.0,1976,0.013327405757417886,43,0.427286791086771,False
6.0,1977,0.01318223135158502,43,0.4185586938983758,False
6.0,1978,0.013039610288143712,43,0.39895938310557527,False
6.0,1979,0.012955653826745924,43,0.39223746398645826,False
6.0,1980,0.013312836056885404,43,0.38684785744524436,False
6.0,1981,0.013687389750321126,43,0.40732681249118746,False
6.0,1982,0.013564998181694172,43,0.4278730337905527,False
6.0,1983,0.012844497622680551,43,0.4503381385472688,False
6.0,1984,0.012834611233161757,43,0.47130672233993637,False
6.0,1985,0.01270488923196376,43,0.480747904111595,False
6.0,1986,0.012292250423501058,43,0.436804282138198,False
6.0,1987,0.012290665663396365,44,0.40873096998726094,False
6.0,1988,0.01211558593739954,45,0.39417797870893007,False
6.0,1989,0.012548207266077051,45,0.40196959672238974,False
6.0,1990,0.012562003807245129,47,0.3820178596912569,False
6.0,1991,0.011948426201168504,47,0.37708646276597796,False
6.0,1992,0.012251793501882536,55,0.35841048894517136,False
6.0,1993,0.012471425648881169,57,0.35758631589401674,False
6.0,1994,0.012648559792407659,58,0.3507918526743882,False
6.0,1995,0.012515783664879756,58,0.3327009204517299,False
6.0,1996,0.012969864592945118,58,0.3466082088754854,False
6.0,1997,0.013584935333156503,58,0.36795801196656147,False
6.0,1998,0.013654897944178483,58,0.3906826271341511,False
6.0,1999,0.01286777392855573,58,0.4002546760827295,False
6.0,2000,0.01313302316687766,58,0.40525747502167436,False
6.0,2001,0.013124222845526372,58,0.422778970054569,False
6.0,2002,0.01271551330522437,58,0.4259545998277262,False
6.0,2003,0.01250452138992984,59,0.405574481717757,False
6.0,2004,0.012641492550171624,59,0.3876438391303371,False
6.0,2005,0.013138898327604839,59,0.38126075472063486,False
6.0,2006,0.013537168257120412,59,0.37337693078102985,False
6.0,2007,0.013760559157476112,59,0.3498410314962615,False
6.0,2008,0.013887404352574089,59,0.3241482938525402,False
6.0,2009,0.013634324400685717,59,0.3295380386200932,False
6.0,2010,0.014175970189856257,59,0.3089379337847494,False
6.0,2011,0.014361372406578081,59,0.287340736568671,False
6.0,2012,0.014244158964336165,59,0.28931186945967985,False
6.0,2013,0.014228314944354096,59,0.29188123218847745,False
6.0,2014,0.013953734095158219,59,0.29676912352092816,False
6.0,2015,0.01305268225006378,59,0.3211361814623501,False
6.0,2016,0.012859022572229113,59,0.3235427375128191,False
6.0,2017,0.013123381479040727,59,0.31600171943712074,False
6.0,2018,0.012715508695298599,59,0.313339237317357,False
6.0,2019,0.012623678903464131,58,0.3204224267968433,False
6.0,2020,0.011937865813678266,58,0.32534809270711973,False
6.0,2021,0.011999499056993745,58,0.31720499211416114,False
6.0,2022,0.012507955340622942,58,0.3344141318872821,False
6.0,2023,0.012678667194883537,56,0.3427094338567734,False
7.0,1974,0.004709118517658002,47,0.39190588386718406,False
7.0,1975,0.004782453844432998,48,0.38988723651225904,False
7.0,1976,0.004821117500514143,48,0.39533950367442544,False
7.0,1977,0.0047397154498387715,48,0.38770334587012883,False
7.0,1978,0.004600593351117004,48,0.3709935376280053,False
7.0,1979,0.0047376131554277695,48,0.36468111529729125,False
7.0,1980,0.005002941562418488,49,0.3564623627741995,False
7.0,1981,0.0051207204969741515,49,0.3738655559858342,False
7.0,1982,0.004893351312414642,50,0.3902919495580172,False
7.0,1983,0.004228772454105409,50,0.4100270317758014,False
7.0,1984,0.004196439420596143,50,0.4317838088588835,False
7.0,1985,0.004193814621574372,51,0.4387399842117582,False
7.0,1986,0.003857655787663862,51,0.4017085195618008,False
7.0,1987,0.0038029969415066815,52,0.37937067971097194,False
7.0,1988,0.003745434901830485,53,0.3641716607289553,False
7.0,1989,0.004087158678406905,53,0.37290142274514665,False
7.0,1990,0.004307455954493861,54,0.35748989787390717,False
7.0,1991,0.003829951743778481,54,0.3529968180773543,False
7.0,1992,0.0037183337873678756,60,0.33905973885283974,False
7.0,1993,0.0039882917593432226,62,0.338523039605675,False
7.0,1994,0.00427644827006674,62,0.33206911117283483,False
7.0,1995,0.004394545872955724,62,0.314118990015614,False
7.0,1996,0.004684832106941973,62,0.3260428258761546,False
7.0,1997,0.004937380434022104,62,0.34296119828544336,False
7.0,1998,0.004995326221878972,62,0.3648569058327956,False
7.0,1999,0.004479509578949885,62,0.3730090008830404,False
7.0,2000,0.004618508700829924,62,0.3774985520218453,False
7.0,2001,0.00455049138310442,62,0.39348799569498466,False
7.0,2002,0.00440263319151426,62,0.39586056263813046,False
7.0,2003,0.004268427515574404,63,0.37738683986896504,False
7.0,2004,0.0043867478298960745,63,0.3599974378109158,False
7.0,2005,0.004724020399991568,63,0.354325740321885,False
7.0,2006,0.005019835313624662,63,0.3464459620990581,False
7.0,2007,0.005304187922311072,64,0.32400125442324146,False
7.0,2008,0.0056169067754174235,64,0.3029751421824042,False
7.0,2009,0.005604596811814273,64,0.3089309391705136,False
7.0,2010,0.006068972622097275,64,0.2885324044015738,False
7.0,2011,0.0062817252745685625,64,0.2689522398411897,False
7.0,2012,0.006206532791741643,64,0.2698421512393699,False
7.0,2013,0.006294700085297815,64,0.273232514726995,False
7.0,2014,0.006256968856213835,64,0.27678917215910404,False
7.0,2015,0.005666154447906434,63,0.30088160713426854,False
7.0,2016,0.00553590794149339,63,0.3034940474294447,False
7.0,2017,0.00569850966502363,63,0.2971928227142815,False
7.0,2018,0.005552892068700632,63,0.2954756872404187,False
7.0,2019,0.005476212729613409,63,0.3017413034087645,False
7.0,2020,0.005078166666968711,63,0.3065018325536384,False
7.0,2021,0.0051307539508555974,63,0.2984969696633876,False
7.0,2022,0.0052871567404008295,63,0.31424853101814076,False
7.0,2023,0.00548991065741788,62,0.3218693763222405,False
