country,wave,year,n_respondents,index_all_ym,index_imf_ym,index_idawb_ym,index_unsc_ym,index_all_y,index_imf_y,index_idawb_y,index_unsc_y
ALB,3.0,1998.0,998,0.10975019844499707,0.09487642049441818,0.06350907862739247,0.274215906880216,0.1539022914134851,0.21673148235121426,0.025108743096446638,0.34376073927987805
ALB,4.0,2002.0,1000,0.14568210301680218,0.26587992944413835,0.061061401596734954,0.2417188694567691,0.24566938562357624,0.2874743145319966,0.18026343593536304,0.32471186394664564
AND,5.0,2005.0,1003,0.08372412009077422,-0.20461180908863327,0.20083224934181693,-0.029124762343440302,0.0448893730862845,-0.21690846919158135,0.16903010588572176,-0.04398924374937028
AND,7.0,2018.0,1004,0.16128399451335865,0.04723787203451058,0.22474952554669134,0.14739853792099167,0.1999354076165153,0.05399680365617871,0.27789966244656844,0.18181351673174811
ARG,1.0,1984.0,1002,-0.26067745061264946,0.15405342388373358,,-0.37592830705727465,-0.04821576138915059,0.15405342388373358,,-0.16349295755863755
ARG,2.0,1991.0,1002,0.03040482403092134,0.14578046002064982,0.11766055042794768,-0.09735936370147985,0.08797409756193575,0.18857318658632516,0.148705878071943,-0.008235388596421913
ARG,3.0,1995.0,1079,-0.06386406216174995,-0.11722284653176321,0.05168197663686602,-0.25483051404518314,-0.04895974792402745,-0.06815991669989897,0.05928292324790458,-0.17966997060365383
ARG,4.0,1999.0,1280,-0.2715129817571963,-0.14922939555900855,-0.2383911420298191,-0.3734402770223334,-0.2750771501996123,-0.11712711257140171,-0.27603095675567063,-0.33650105993891577
ARG,5.0,2006.0,1002,-0.018720046247155175,-0.08641434521900156,0.019269317563823215,-0.09462023496982701,0.003510556339020505,-0.07212143085535876,0.01123616892178131,-0.029247326752497957
ARG,6.0,2013.0,1030,-0.061713844041978994,-0.1309551344671921,0.04097634075819226,-0.2799480296651501,-0.011163507922628279,0.023631039710932732,0.05710101805121459,-0.2878399990321976
ARG,7.0,2017.0,1003,-0.01618583213569988,-0.14417474853268053,0.019526537105519732,-0.00035988220189776105,0.030421352089593054,-0.07296877529780478,0.05184780846808055,0.04149999919640663
ARM,3.0,1997.0,2000,-0.02611655106084226,-0.02508243034724678,-0.13668458207312228,0.20547635278960996,-0.0402381644079251,-0.0667495120362764,-0.21424890984707326,0.22130836602290824
ARM,6.0,2011.0,1100,0.0729188508248776,0.022456948469280237,0.001038766694012063,0.23491784449877307,0.04365276289800847,-0.012019577308985813,-0.023197145179707186,0.19697173838264717
ARM,7.0,2021.0,1223,0.03713286295941773,-0.08639414037198341,-0.0024583311918263194,0.11456367763594098,0.03524519872904435,-0.15184514464171414,0.018212234332040396,0.09851335213613498
AUS,1.0,1981.0,1227,0.16138843809022657,,,0.16138843809022657,0.26250042306592253,,,0.26250042306592253
AUS,3.0,1995.0,2048,-0.00610872092368343,-0.09894245161495413,0.09589883354027283,-0.11655609869861464,-0.010630599458034249,-0.09982911694936342,0.1538068028627205,-0.14529045790278816
AUS,5.0,2005.0,1421,0.05887247706246098,-0.0379280316529852,0.07370004496535092,0.10119098146001385,0.034334105650034384,-0.041991048280746276,0.05287637787675083,0.07409885728224445
AUS,6.0,2012.0,1475,0.15646122459994852,0.010422243444895845,0.1954255978060343,0.21581405628937664,0.17747727756317344,0.03116416935858516,0.22877472664436224,0.18337980486824787
AUS,7.0,2018.0,1811,0.0920547673560704,0.026484547299173242,0.18350844321139817,0.02864485298316169,0.1163028342111155,0.04957494632635749,0.226166288493392,0.0397394263514226
AZE,3.0,1997.0,2002,0.16268517259715468,0.09691190475808316,0.17232736823527053,0.1658632084635101,0.13144852940505422,0.038199460657776296,0.12802623530032456,0.1698362195153914
AZE,6.0,2011.0,1002,0.031074168020126823,-0.01996831772704496,0.03206988505279646,0.09993012378836309,-0.0210789945796367,-0.07917670387698424,-0.027156780041278836,0.10572118331375907
BFA,5.0,2007.0,1534,0.04668802886556233,-0.011181554884396174,0.008847664278197774,0.16691631327118403,0.05601722784776811,0.059145032856441654,-0.03020873422682361,0.21584683173027275
BGD,3.0,1996.0,1524,0.34282183793226617,0.2333455838072933,0.4021250010439442,0.2815190836149074,0.33718286917169105,0.2826586509634656,0.33261053294340304,0.33786403218774197
BGD,4.0,2002.0,1500,0.2593399641393879,0.0853992689759186,0.2395157329119168,0.33012509280530017,0.24965524643561252,0.05254906292038472,0.22223200247090835,0.3251256785407164
BGD,7.0,2018.0,1200,0.010597925427031111,0.00430501251516254,0.016068379233580028,0.019267456864774865,0.00375381879461918,-0.09299953276726862,0.06487788757014971,-0.0037260970397963397
BGR,3.0,1997.0,1072,-0.01344624045943972,0.06509261449439624,-0.09500045576966623,0.11797035453495212,-0.020050947083825033,0.1863676907886144,-0.18722751127783982,0.08248922844767695
BGR,5.0,2006.0,1001,-0.05840487875977182,0.09048539952690692,-0.13905032914707008,0.027942278993737104,-0.08926550665121878,0.2002029381368008,-0.24495337273580411,0.047104508518580286
BIH,3.0,1998.0,1200,0.1393761406808854,0.10921001370179202,0.10159717506638745,0.27208578686245133,0.19159958534224578,0.14618739123623595,0.18387797785796137,0.23398018105022989
BIH,4.0,2001.0,1200,0.05812764329100465,0.19524469879389653,0.017857092287046624,0.06632767035186284,0.09216402993426377,0.20862648733860018,0.0571562163110934,0.09306811038127878
BLR,2.0,1990.0,1015,0.07155629140439973,0.04285956964595834,-0.03357195175081589,0.1078574973490775,0.06555336441361957,0.050601135570968764,-0.0335719517508159,0.08296415314181774
BLR,3.0,1996.0,2092,-0.002579573065866524,0.11096261414150396,-0.13140476024376996,0.1426920610162301,0.0026297192277026237,0.08040220566919525,-0.15317429934980245,0.11468339901902319
BLR,6.0,2011.0,1535,0.006436632595303059,0.1380950750320457,-0.012473731378687134,-0.044959698373584656,-0.006057078157765232,0.29828713750943325,-0.0370925512621816,-0.13322715684538136
BOL,7.0,2017.0,2067,-0.1410320373482941,-0.22574284568223738,-0.12325067257028686,-0.12854464031871116,-0.15188105619431855,-0.24877410434588243,-0.12925348666263414,-0.14651526953502383
BRA,2.0,1991.0,1782,0.034925669230615713,-0.007442749572854423,0.132123059073942,-0.03586819339601053,0.07812277686001189,-0.035457144797344735,0.16739592718341711,0.052852608653568535
BRA,3.0,1997.0,1143,-0.039825930422813974,-0.03455094337708973,-0.13029275047561228,0.14206010996460802,-0.04482399937808677,-0.026890677135331945,-0.2125582756784416,0.1749851266627048
BRA,5.0,2006.0,1500,-0.0924945692784021,0.01712269019399105,-0.16249103316666821,0.0028867771119426874,-0.10770602153679922,-0.060664526445913025,-0.19022624055839427,0.039239692531726406
BRA,6.0,2014.0,1486,-0.10036226902158754,-0.022523863288015342,-0.07580948870300613,-0.2170411653104237,-0.11761760597118093,-0.10814807257779677,-0.08269363698281788,-0.18863472083263383
BRA,7.0,2018.0,1762,-0.05611334364787045,-0.07614787791272823,-0.09839922910334972,0.010285036943470185,-0.052362087102476654,-0.07429706044322622,-0.13765825658209263,0.05372876798114435
CAN,4.0,2000.0,1931,0.025284351427170414,0.014920338252483005,0.1215640219081921,-0.06956144200971488,0.034290777831600026,0.04009683938252465,0.13484789483783644,-0.05724699533551996
CAN,5.0,2006.0,2164,0.037721862115668685,0.02002041560806105,0.09084293526832168,-0.03328599574771667,0.04992335439598942,-0.004421870017085339,0.1481013661513473,-0.06262504451792249
CAN,7.0,2020.0,4018,0.13735396545317086,0.09304183132285901,0.1835821609264507,0.1136395084964197,0.16837481712609334,0.10245216785520049,0.19114769047041819,0.17810554682376092
CHE,2.0,1989.0,1400,-0.36102368743465557,-0.6427125408224071,-0.3432525259618184,-0.22499015109601467,-0.4519014778732639,-0.6427125408224071,-0.3432525259618184,-0.3654274352167061
CHE,3.0,1996.0,1212,0.004429970524928002,-0.02736835992547127,0.11640411442352458,-0.13636709233670466,0.025661963806390225,-0.0723200589613994,0.21613525860855998,-0.09416023199857425
CHE,5.0,2007.0,1241,0.07253228882517063,-0.12869637566657655,0.1391085839536782,0.04857723302735069,0.05813434308684765,-0.2374064563389081,0.16093509202374584,0.037755879714628494
CHL,2.0,1990.0,1500,-0.07943274574565237,-0.037573664525281394,-0.1570345684232318,-0.05726161839220598,-0.08503717524251017,-0.05545773072345294,-0.13422560115790408,-0.08190641922407574
CHL,3.0,1996.0,1000,-0.06144040985225304,-0.09808430906635597,-0.04838403666232108,-0.08004355148913227,-0.06613467588317679,-0.037065782721699386,-0.0988143994618626,-0.06929491233029135
CHL,4.0,2000.0,1200,-0.10662222339486983,-0.08784511328501181,-0.10420061668150056,-0.12987159329582348,-0.0798107032589937,0.012811823024930419,-0.12693127766668091,-0.07767626046051118
CHL,5.0,2006.0,1000,-0.07330250858269048,-0.15146589114063744,-0.07284968936314985,-0.04862622642483514,-0.07422926036429411,-0.11848737237597559,-0.08967825416868266,-0.053917115118257565
CHL,6.0,2012.0,1000,-0.06947734187740394,-0.20644807323822062,0.002594044109153914,-0.17493990161011952,-0.0606575201220024,-0.2074061773968573,0.011853459494327272,-0.23339424434458653
CHL,7.0,2018.0,1000,-0.06238602175477777,-0.07457353325296592,-0.11168266208388784,-0.0012401291942499655,-0.06071472746007298,-0.055108370072133026,-0.17049876027398606,0.04851124247884986
CHN,2.0,1990.0,1000,0.18493709391649696,0.10660727666705405,-0.054865683818041085,0.36685362928668075,0.11700236456435745,0.012960461919153562,-0.15372655563900456,0.3110723574973307
CHN,3.0,1995.0,1500,0.10729037260633459,0.13653955126324083,-0.06437327359225385,0.26783127637819676,0.13569141878740454,0.10425647871177011,-0.02106919918366363,0.23756742289965332
CHN,4.0,2001.0,999,0.08808493599362646,-0.05135578255532373,0.02681348333796457,0.2342252540452425,-0.013748087438125394,-0.13224639455707807,-0.06169532543672426,0.09857777886211952
CHN,5.0,2007.0,1979,0.11057696774555811,0.08144656952082309,0.05981756141902925,0.18990977526379174,0.12281039561533376,-0.03236795607354805,0.11391475186153598,0.17001900673815615
CHN,6.0,2013.0,2250,0.16347182691435502,0.20457242770624062,0.08153699420108186,0.2728774242232845,0.16514119269863028,0.1471369932458183,0.10422792040733407,0.3126907139726122
CHN,7.0,2018.0,3036,0.16332611140558997,0.2130521762588546,0.12681798761599336,0.171598184685959,0.11673746795486675,0.11204631938042937,0.09692167716237352,0.12923451278317072
COL,3.0,1997.0,3028,-0.2926151173528447,-0.1730986363444657,-0.477179027125609,-0.07316289730034974,-0.27946867508308343,-0.1730986363444657,-0.43726103772651354,-0.05921266879130815
COL,3.0,1998.0,2996,-0.09492407903829686,-0.3677752973643338,0.009572444569538855,-0.17351254322631732,-0.26943551482939776,-0.5587702724341892,-0.14987471593622576,-0.24441278788218243
COL,5.0,2005.0,3025,-0.14815786885468119,-0.04623640564582389,-0.22993014341700616,-0.053195998558481374,-0.22588559406688727,-0.28291850639173766,-0.2589051317096414,-0.051198802382894634
COL,6.0,2012.0,1512,-0.11540296501007796,-0.054910412331487815,-0.12979007253810693,-0.12096016730081569,-0.13629772128817835,-0.13889214411346132,-0.11660602943886145,-0.1687026312663247
COL,7.0,2018.0,1520,-0.2032586774566689,-0.2282951737848373,-0.22969616596600145,-0.15937335158022928,-0.22049037680154562,-0.189820750701529,-0.272456788684935,-0.17591646243790368
CYP,5.0,2006.0,1049,0.004293995753915655,-0.013436828041321828,-0.00940851221895157,0.06316857156296808,0.009210698760635863,0.009619229642634702,0.04555266180680646,-0.036973667317860934
CYP,6.0,2011.0,1000,0.07286225046977908,0.09356607574319588,0.052691811294174544,0.1319937948933872,0.057955976540496945,0.14493651678267197,0.05172209948272778,0.039541663265652456
CYP,7.0,2019.0,1000,-0.010238410619256169,-0.1026654536382289,0.046398765176576734,-0.013900108092947156,-0.009914434845637022,-0.09726301784040703,0.05813462203305809,-0.02323524720572203
CZE,2.0,1991.0,924,-0.04372773479001055,0.14505738582038724,0.07402918561388798,-0.21969978654913577,-0.04172886708907711,0.16689831162349006,0.05036920988619641,-0.16647329714940381
CZE,3.0,1998.0,1146,-0.042249966265026306,-0.08635531893916767,0.016172820264209617,-0.12973500226883924,0.001579057710835264,-0.008589045432859078,0.019296257172558957,-0.027202891290638857
CZE,7.0,2022.0,1200,0.04622151189667708,0.0847156367465556,0.039508901010640016,0.03294117877938389,0.04879868840854866,0.08921013341320348,-0.008029149499881205,0.08596828919358979
DEU,3.0,1997.0,2026,0.01784387151391266,-0.10201132405880912,0.19972253446244487,-0.3068932620012072,-0.0026965737823520537,-0.17420088975064604,0.2404982243535338,-0.24776660969869185
DEU,5.0,2006.0,2064,0.03795465892221132,0.0326921069438314,0.10514870020817474,-0.11230998357851778,0.026710557616330927,0.0795942197751768,0.08462113898038176,-0.10917110065416866
DEU,6.0,2013.0,2046,0.08839207778929724,-0.16839749933510698,0.2607234584599489,-0.14241686510227733,0.05514204219464046,-0.08737948280120789,0.1952163987942649,-0.2777416539886755
DEU,7.0,2018.0,1528,0.1387661534156286,-0.12437238274026607,0.32927702736077297,0.0498673246337399,0.14211941466328468,-0.13933798200173247,0.32556529752429697,0.06674016108243747
DOM,3.0,1996.0,417,0.007415260784302018,-0.0633671775744266,0.09933832318256736,-0.172530868323352,0.03743413831689806,-0.15729932557490944,0.2087413544266685,-0.14876356228494275
DZA,4.0,2002.0,1280,-0.00309810034579276,0.03615327858462802,-0.029994600656348815,0.013170107020257496,0.02203738424922408,0.03615327858462804,0.036775539710536514,0.007850093256476773
DZA,6.0,2014.0,1200,-0.08608581344685962,-0.23000735948418152,-0.05684237952754767,-0.03960798185662573,-0.15049921466412602,-0.31359640650089976,-0.11182957231839702,-0.1353965169294886
ECU,6.0,2013.0,1202,-0.07654714026534155,0.02237572499535731,-0.07563327765197049,-0.18753301102842374,-0.06053280963468105,-0.0014398116524647528,-0.025942430908883967,-0.23724966243125442
ECU,7.0,2018.0,1200,-0.11978463757663062,-0.07368057588153074,-0.15748827297088197,-0.1005984199151472,-0.13182348485623288,-0.050623046796471144,-0.17609352896151373,-0.12036077254759923
EGY,4.0,2001.0,3000,0.21472783699559864,-0.16836733319464428,0.35323294898449215,0.10658055778950185,0.15577982055971812,-0.16836733319464428,0.24834763795479708,0.12954655433165596
EGY,5.0,2008.0,3051,0.05770249218474947,0.254405898519519,0.05458751983750768,-0.12034744854855894,0.08391431667940866,0.19104450323534106,0.09652712726838211,-0.07474540537133413
EGY,6.0,2013.0,1523,0.029395404850267433,0.18055296229909842,-0.02993084157987518,-0.044792838196842134,0.054944677004146104,0.11555447651222543,0.020184504345041408,-0.008429515039261789
EGY,7.0,2018.0,1200,0.016344120878890287,0.045484765380514304,-0.00646490819965317,0.01031966002337107,-0.04217191296895148,0.045554202495915144,-0.09372949872813444,-0.05192126925972464
ESP,2.0,1990.0,1509,-0.12424085340438441,-0.28529275499572304,-0.01829204863960433,-0.12321274387206418,-0.08657719226959161,-0.22231850679250223,-0.019473393357149565,-0.07260802152049838
ESP,3.0,1995.0,1210,-0.0588428168962779,-0.15778471706254593,0.04920842080625496,-0.2051983647394668,-0.004286950596718177,-0.1203472780199381,0.1409352317326706,-0.1396083085708814
ESP,4.0,2000.0,1209,-0.0016872809222979001,-0.141340269225952,0.09002236888377686,-0.10669337385271044,0.029989661207386886,-0.09892540072029274,0.06747771371957187,0.010192185889192127
ESP,5.0,2007.0,1200,0.03964659555129603,-0.13091005876933887,0.08583651854796531,0.030247686649233697,0.04517965321631801,-0.03501252177275579,0.04433660879537022,0.08811421992300844
ESP,6.0,2011.0,1189,0.028220588995873347,-0.07761925788910487,0.17684984404113196,-0.2362696357001884,0.07216246210242395,0.14396761733675148,0.16807921560872977,-0.2805817613200865
EST,3.0,1996.0,1021,0.008059347820984452,0.03723288443875635,0.019358652579572935,-0.07559881611138938,0.004827231492889963,-0.03533771596692633,0.026212558515516213,-0.029204402419683917
EST,6.0,2011.0,1533,0.048850439880355,0.046883488048335684,0.07959791206548823,-0.06448612463652528,0.01421376855456765,0.11284724974747953,0.02340595080117975,-0.1559205802458679
ETH,5.0,2007.0,1500,0.07156225493024604,0.08550446519499862,0.12014335373385862,-0.0014937471164886817,0.16846073471827477,0.21357296545288523,0.21219438072618516,0.09892968393316123
ETH,7.0,2020.0,1230,0.05681499108375438,0.17450962771207562,0.07795840436976655,-0.02857042996448098,0.041796827031099354,-0.06597114448996226,0.1510931123533235,-0.03920137913945943
FIN,1.0,1981.0,1003,-0.11176722374077837,-0.6075599584967042,,0.04806417638166779,-0.4369636545935128,-0.6075599584967042,,-0.26636735069032147
FIN,3.0,1996.0,987,0.014585120633516246,-0.09593872602842356,0.058010900681246876,0.03928931825212885,-0.06407702845759405,-0.1559899057353826,-0.01434662591731767,-0.03255863429699416
FIN,5.0,2005.0,1014,0.04300749506059569,-0.17165798559959303,0.05303434365336956,0.17510056518262423,0.035337157530860724,-0.21149073095521953,0.09817451712373006,0.08719164619923374
FRA,5.0,2006.0,1001,-0.08736078201763835,-0.2774405927370428,-0.03019906085576322,-0.09002371410612336,-0.12039582463550595,-0.2761656821920337,-0.06583518724231935,-0.18622898287111012
GBR,3.0,1998.0,1093,0.016191612186275513,-0.09504554393655228,0.17429940596337035,-0.30258473878026815,-0.04954031872960755,-0.09504554393655228,0.11426172698746237,-0.30258473878026815
GBR,5.0,2005.0,1040,-0.06113968558451501,-0.28776743885584133,-0.00693286752125159,-0.01296821301808353,-0.09597255109425085,-0.3899490823738455,-0.018423480535345836,-0.08944206635212484
GBR,7.0,2022.0,2609,0.15952355734975865,0.13338120570606918,0.1719219046247423,0.15265634708924122,0.17863532277500566,0.11988380028831724,0.20076859463783353,0.17225552512788442
GEO,3.0,1996.0,2008,0.03743046166246835,0.15217601157989802,-0.041677714662028464,0.09390521338408347,0.06822023669323632,0.08071982752052517,-0.029632681059872493,0.18018758656792022
GEO,5.0,2009.0,1500,0.05341836834340448,0.21760350589322341,0.09939384568553536,-0.12223650164378885,0.02465770287322272,0.21642853223293343,0.08844788425445553,-0.17557239630879756
GEO,6.0,2014.0,1202,0.06030986679766223,0.08035187434803272,0.020918576749393094,0.17189915989422852,0.07099272071057719,0.16685723423981164,0.028751079789726186,0.1391828392889939
GHA,5.0,2007.0,1534,0.11519536786442182,-0.003971594915218667,0.05219556694732641,0.2720607570901565,0.09781539491830453,-0.03896880059950509,0.0434799489539495,0.2267461964817613
GHA,6.0,2012.0,1552,0.12052485413380834,0.11499751238592307,0.08219348533494879,0.21488772374526838,0.1318129717234008,0.0012120436276531073,0.14853288677738968,0.16487749749974756
GRC,7.0,2017.0,1200,0.04592563652357884,-0.1458177342871745,0.15117053255006183,0.03401552550403119,0.04231966611751548,-0.057914856950149675,0.14725172209044707,-0.005798850118567238
GTM,5.0,2004.0,1000,-0.0005489540436120745,-0.0013282450541856675,-0.09200359531482818,0.059761289031011945,0.06847035318340047,0.015639309022538902,-0.03568113927369367,0.14909653266954984
GTM,7.0,2020.0,1229,-0.21816121547594103,-0.21909850372512907,-0.23352612143213233,-0.19686151022411116,-0.22937650346967745,-0.21688241864496985,-0.27226301532871294,-0.18639060837051305
HKG,5.0,2005.0,1252,-0.13504806299548702,0.030658007473517858,-0.12415063041726596,-0.20455896114156732,-0.17139845485708807,0.08559023487811224,-0.20332202735550753,0.03154918749058481
HKG,6.0,2014.0,1000,-0.0021580934005465675,-0.0044009204287376565,-0.0012737944920494814,-0.008113241126090619,-0.02064704351412103,-0.17000125807436295,-0.01032660832705007,0.09255301887800683
HKG,7.0,2018.0,2075,0.010031217340933169,0.056770824294344754,0.03125240598982059,-0.036319954740634146,-0.012760298883070505,0.03759274245058049,-0.009871358829734446,-0.03537560630394318
HRV,3.0,1996.0,1194,0.11634421732130378,0.19514096972295814,0.16285992343796768,-0.017122799375965097,0.1656824302065101,0.27018149983784884,0.298893967716214,-0.08302078660241471
HTI,6.0,2016.0,1987,-0.32259652753685675,-0.09794752602743848,-0.21601407444773618,-0.6855984128656039,-0.35476081754660266,0.5131469573992758,-0.4154884966422158,-0.8404057102375314
HUN,1.0,1982.0,1436,0.276547529846041,0.08826925208300421,,0.3842527024957726,0.2824148073607555,0.08826925208300421,,0.4765603626385069
HUN,3.0,1998.0,650,0.06353619471073742,0.08899205556509591,0.0512315031151159,0.056851338319396136,0.09584942436907612,0.2078394559026144,0.002852019931424615,0.11916614123640394
HUN,5.0,2009.0,1007,-0.03102866006018536,-0.04368745864853913,0.0060182679035530075,-0.11644441372581882,-0.03627919890062596,0.15309260902997315,-0.06397724089673118,-0.10588830021084254
IDN,4.0,2001.0,1000,-0.015182259649594947,0.10983035050092413,-0.05653318884780027,-0.026251136045320037,-0.018296286551557874,0.10983035050092413,-0.07472988754803891,-0.0331987004098054
IDN,5.0,2006.0,2010,0.040000427650521496,0.16094862839928262,-0.023270649991378258,0.0855674694383662,0.06015066768158335,0.13411804316451656,0.008882483118993317,0.0850866782050979
IDN,7.0,2018.0,3200,0.0572620174190864,0.15343120582808198,-0.00890581686181082,0.06549807065663747,0.08136241520861028,0.1952760510789094,0.07038207163415551,0.024421294867642086
IND,2.0,1990.0,2500,0.05921554464095391,-0.04165590931444528,-0.0564488645492302,0.22440358868343696,0.033133135242917895,-0.05378368156282612,0.03633205277792511,0.09704823511517874
IND,3.0,1995.0,2035,-0.011364351024427177,-0.022018455977919717,-0.1038284603605922,0.14485427478503757,-0.07749239580363407,0.07431211726922536,-0.21413504555599347,0.028885123148322436
IND,4.0,2001.0,1967,-0.0876205407429052,-0.12436156540289517,-0.14838074864449705,0.0043775826012097925,-0.16531319065246042,-0.15431716130966935,-0.16803656154078883,-0.1408755445906648
IND,5.0,2006.0,1977,-0.09352841578972985,-0.12021533269759933,-0.09652822623436932,-0.08038242747301881,-0.15130874701372185,-0.18311940347919847,-0.08198832096520339,-0.2733191927645249
IND,6.0,2012.0,4077,0.02169704176177773,0.07026228914730925,-0.06535298200941266,0.19845641028371636,-0.013238652644080577,-0.08877352070278288,-0.07280969518079548,0.24558377969401593
IND,7.0,2023.0,1692,0.033975495732952145,-0.017599584320295642,0.06176102212366596,0.010522004500697244,0.011174928816478549,-0.13387388544185388,0.1049727997921991,-0.05122329797954623
IRN,4.0,2000.0,2532,-0.03799179326417114,-0.04820061621337021,-0.06255033954721298,-0.02125477466292267,-0.054896875911418695,-0.048200616213370205,-0.11655835357705285,-0.021254774662922672
IRN,5.0,2007.0,2667,-0.07355153812853323,-0.005925428692015141,-0.1422598487124624,0.030886381332036913,-0.07100951825535393,0.03504943179137826,-0.1514605894286544,0.03725080292077005
IRN,7.0,2020.0,1499,0.006377682612284153,-0.1148117794350993,0.02486623538321573,0.03430247341695742,-0.031218724787537143,-0.1753573413956306,0.02122441377206987,-0.035426027125825287
IRQ,4.0,2004.0,2325,-0.22752952800180581,-0.47217334519925336,-0.11491250984721008,-0.44389340184966347,-0.22258511453763535,-0.47217334519925336,-0.16068707841884466,-0.3537568193834059
IRQ,5.0,2006.0,2699,-0.17510082361561857,-0.2952555454475268,-0.06594445916457904,-0.46050500781477494,-0.18923346611892955,-0.2952555454475268,-0.11779035512023213,-0.44951260002180093
IRQ,6.0,2013.0,1200,-0.055818783650744726,-0.08647931283308459,-0.06965487878990591,0.0015117583383849602,-0.08181058913228229,-0.2315016778705573,-0.09762211567475446,0.0913030243984553
IRQ,7.0,2018.0,1200,-0.1727691996752503,-0.27223793212269237,-0.1225959668309608,-0.15705521942488848,-0.17085643141946055,-0.025497702857618723,-0.1666577453488815,-0.19472465904464042
ISR,4.0,2001.0,1199,-0.06771439167177473,-0.2815783370717288,-0.24564132589068133,0.3267297773570369,-0.16199396067862298,-0.2815783370717288,-0.5231752322807585,0.40110480606221915
ITA,5.0,2005.0,1012,0.041865124563955726,0.0054673408932259275,0.16336892124930116,-0.12170676045043384,0.04946534141611036,0.04206760007269351,0.15238064712463548,-0.07561051679333673
JOR,4.0,2001.0,1221,0.11383719050361815,-0.007675909340658304,0.05898389492790402,0.2091420293596732,0.07537994560652518,-0.007675909340658285,0.019485802246496233,0.14370977900636928
JOR,5.0,2007.0,1200,0.11293074434844513,0.1385129514090101,0.08735008499791838,0.14806078762544925,0.1228996156142918,0.14246348559828917,0.11644930720623005,0.10793718386133933
JOR,6.0,2014.0,1200,0.017456630413111355,-0.03525673592669953,-0.04534645214899844,0.17349457103687183,0.012107848606200714,-0.0038149951355676117,-0.04193065081897805,0.10431414704344638
JOR,7.0,2018.0,1203,-0.11235729094510999,-0.08168703286192416,-0.11768923331291996,-0.11185162365381139,-0.18014195906775612,-0.16785392520870407,-0.10979364403701908,-0.23270660822236378
JPN,1.0,1981.0,1192,-0.19422929174097786,0.332477915312494,,-0.33094147895358844,0.12435465852604739,0.332477915312494,,-0.03611891832725982
JPN,2.0,1990.0,1010,-0.1824681436736023,-0.16837186130526996,-0.15809159658402389,-0.18850795693741298,-0.1422248080408008,-0.10081142576216066,-0.29165408725177894,-0.031538651812923056
JPN,3.0,1995.0,1054,-0.016637748444034355,-0.0629705037115942,0.10443697553626499,-0.1938333738125314,-0.028974146502466724,-0.14277252635663987,0.04548683523820692,-0.0640937933701903
JPN,4.0,2000.0,1361,-0.04710214679144309,-0.18040586564629071,0.027456040906836666,-0.0817361921477211,0.006798402800730331,-0.15099685578304822,0.06813421478512957,0.006449568785536399
JPN,5.0,2005.0,1096,-0.06747301357623363,-0.12243815342408727,-0.08988339520899857,0.05640506609733726,-0.05572756715493976,-0.10546763494867233,-0.0872088583116555,0.07985480938680856
JPN,6.0,2010.0,2439,-0.001871145974284714,-0.04032762880018052,0.0306006621263223,0.0055412475894365066,-0.04192960342153378,-0.032126288503535896,-0.009240704710664184,-0.06110215514874728
JPN,7.0,2019.0,1353,0.10652776463475597,0.10653533635111917,0.12118024906387478,0.10097009587378275,0.08117366964272463,0.09573943405215557,0.09365345360317473,0.07976137769678253
KAZ,6.0,2011.0,1500,0.027244381301141565,-0.013831826959347213,0.012184541917175686,0.04920382225215015,0.05426274984621027,0.07070168999106857,0.019221100385981883,0.05096920994254628
KAZ,7.0,2018.0,1276,0.022175496856579185,0.03371878108324815,-0.041299419718596915,0.07664651748411007,0.03794544780967335,0.0763532344010791,-0.02840295191866887,0.07845718020518332
KEN,7.0,2021.0,1266,-0.032582127558475144,0.23883406376462765,-0.1004803527195475,-0.07085419820356562,-0.03260037054280457,0.24542531247668006,-0.0895253623746531,-0.06892085465695713
KGZ,4.0,2003.0,1043,-0.09855865658531271,-0.0004975530428233954,-0.21392350901471804,0.050570438156675925,-0.11925554152558915,0.013739944204655559,-0.261852781585537,0.055179255347494335
KGZ,6.0,2011.0,1500,-0.06187312633765315,0.03499940498201937,-0.15364479443010656,0.08480226897397417,-0.047510258644133,0.030395711371027312,-0.14411914744089008,0.16312193682749634
KGZ,7.0,2020.0,1200,-0.015599730916258056,0.0013285788585671225,-0.015112084182532716,-0.03918546526989638,-0.0024625639340359923,-0.02831179342496095,0.03750698717084129,-0.051482945216271225
KOR,1.0,1982.0,967,0.20678866641726046,0.11996279024436295,,0.22494028558303228,-0.05218295779370282,0.11996279024436295,,-0.13971111547228407
KOR,2.0,1990.0,1251,0.013700266552477764,0.06310091357802115,0.02682777861602654,-0.022291201551568624,0.007620258870555308,0.08223329168435681,0.045972265669513186,-0.0745832269816362
KOR,3.0,1996.0,1249,0.06395564091740989,-0.025598262006000825,0.06591258614693175,0.16006177214118508,0.1072574419936866,-0.017718041867375644,0.12784873523888676,0.17885920801469957
KOR,4.0,2001.0,1200,-0.017011388906717478,0.04084910914328334,-0.07468259291681466,0.04735316374347254,0.037862528061700366,0.11313937376583004,-0.013641254292727533,0.07549283855989392
KOR,5.0,2005.0,1200,0.029524386737653122,0.10734412388532606,-0.009565710519682052,0.0685045673224731,0.04035022744812111,0.19844643055510094,-0.027884801416595,0.08450812350314581
KOR,6.0,2010.0,1200,0.043150160593669294,0.037386075258542886,0.03921375662562828,0.062016589136320355,0.03546567351479105,0.012763647917385797,0.051857750301314794,0.01526128287472069
KOR,7.0,2018.0,1245,0.060073387859192265,0.17255646852782264,0.0069808684327581794,0.06120177682166059,0.07891156662139717,0.19405167416979158,0.0017810563935972581,0.10325267076032582
KWT,6.0,2014.0,1299,0.02755233397609577,0.06684447422417653,-0.02640985194800523,0.16225843555506192,0.02015069546196453,-0.11438130083863504,0.009279647639460466,0.07167645338401053
LBN,6.0,2013.0,1200,-0.19099844620545417,-0.20057110536514278,-0.2291808164172148,-0.043460299201118074,-0.2343162060698425,-0.22510618880605926,-0.3393973096370419,0.13269405579872132
LBN,7.0,2018.0,1200,-0.2017304573308873,-0.24449680100774562,-0.15671862558364144,-0.21724430039836085,-0.280876174853284,-0.22534063914230862,-0.2890236911268281,-0.2741238440387714
LBY,6.0,2014.0,2129,-0.04678691543396309,-0.032934624148043504,-0.09986917099049018,0.05802371993080122,-0.03947868623464601,-0.3284522723017223,-0.055543442310411105,0.23287559891832238
LBY,7.0,2022.0,1196,-0.20728631066284936,-0.30494275498832246,-0.19243940514546393,-0.1906628767923,-0.23668687284073237,-0.32584785498678426,-0.22842059472700277,-0.22165582878373155
LTU,3.0,1997.0,1009,-0.07777608384584835,0.06325777294982997,-0.08420617952009836,-0.19840534869623713,-0.08537175140037742,0.13647245182510662,-0.15248478185209546,-0.16443221189452262
LVA,3.0,1996.0,1200,-0.06820358944796087,0.05800459713501327,-0.08226590322588168,-0.16408943334063783,-0.08679239735515097,-0.014794370789888314,-0.13164089162288622,-0.07634967006075527
MAC,7.0,2019.0,1023,0.04822141713750722,0.15491681793693957,0.025023884556695287,0.02363730686040557,0.028016508487037607,0.13276806876871053,-0.021786853473743085,0.03923620665653321
MAR,4.0,2001.0,1251,0.053756852114872425,-0.039347726217351324,0.09484548388554634,0.06595791238910922,-0.008399691596216745,-0.1572051761104161,0.09094751347366799,-0.018899591722124198
MAR,5.0,2007.0,1200,0.021647479699188527,-0.028427594204488156,0.017549541358088817,0.05559765987642586,0.02553894261948295,0.09543686047564334,-0.02563279547474264,0.028299069758761095
MAR,6.0,2011.0,1200,0.028185253729486288,0.004216457961538861,0.07513802211227696,-0.08398765875492047,0.011732145166087008,-0.12977101336240893,0.14095700664431782,-0.18388336955222065
MAR,7.0,2021.0,1200,-0.02382609619102193,-0.09329597414270996,-0.05339446521265078,0.035594576105497266,-0.02524361864493776,-0.07825337980426023,-0.07167723040283039,0.035451198098217354
MDA,3.0,1996.0,984,-0.07910572789008839,-0.02854670222723856,-0.14511404661564034,-0.022988443713191784,-0.07957060673927181,-0.021052439445071,-0.19240488426811522,-0.016660254106902306
MDA,4.0,2002.0,1008,-0.06982538513211585,-0.011987248519685844,-0.2443650905750351,0.1164222046928934,-0.00409028137259007,0.03256171747131681,-0.17993214892536702,0.1446610003278849
MDA,5.0,2006.0,1046,-0.11138784609327304,-0.004114135074885618,-0.12692840756144316,-0.14020031581979428,-0.12681411634623305,0.03328906016660218,-0.17859577436113,-0.1159717203502577
MDV,7.0,2021.0,1039,0.005352663608789123,0.07799582611573502,-0.035347166388475106,0.03025121612502169,-0.015209854764990188,0.02078678894397933,-0.03378943691572467,0.007039196604892186
MEX,1.0,1981.0,1837,-0.007204736328300485,0.03068696898471639,,-0.019290156422094546,-0.07435443213489051,0.03068696898471639,,-0.13095314667420338
MEX,2.0,1990.0,1531,-0.09060129661483969,-0.01426442390387228,0.025919823187739117,-0.22388240584359334,-0.05128354248748378,0.05466639639867136,-0.002415835171933568,-0.14780411853189235
MEX,3.0,1996.0,1510,-0.10626179018279627,-0.09036090599266151,-0.10471364246741838,-0.09450623846524885,-0.09598117940063772,-0.033799491286335547,-0.10089038254613247,-0.09174281778631217
MEX,4.0,2000.0,1535,-0.12102653200750309,-0.05089430786071376,-0.10598451541642913,-0.1744044031568004,-0.1041780495124474,-0.029493066412289524,-0.07690829311720686,-0.18131790608356615
MEX,5.0,2005.0,1560,-0.11967928119102454,0.045810257732123806,-0.19958077527486695,-0.03563654468086079,-0.12604964461150928,-0.09526122011553174,-0.17919142313270162,-0.02033208194208929
MEX,6.0,2012.0,2000,-0.10837112055380335,0.0018595677297438653,-0.1282209207760191,-0.17036310381666955,-0.13919751194805102,-0.0952376866343403,-0.134425481411015,-0.20495442088762214
MEX,7.0,2018.0,1741,-0.12665353809897695,-0.09884683706056602,-0.21989211721185326,-0.03402401603632936,-0.13103748257070527,-0.019315784486198383,-0.2864065156821176,-0.014951119526618553
MKD,3.0,1998.0,994,-0.034314163864095505,0.1223085433376467,-0.08208938667235272,-0.019646794184055225,0.006313815253225332,0.24877711679666772,-0.07831787884035725,0.015045840628431242
MKD,4.0,2001.0,1054,-0.16775904033762212,0.21793978760947125,-0.27663456793810337,-0.12996862181660737,-0.13365000369211133,0.21810434285233932,-0.20802881129099074,-0.1365478785265691
MLI,5.0,2007.0,1533,0.013575928470883441,-0.09435808049149824,-0.04780003248647151,0.20322787590685282,0.04526083460112395,-0.08343489283731538,-0.021010232598065583,0.24014112493494438
MMR,7.0,2020.0,1200,0.06499569829847637,0.14660232641313162,0.11104498739534284,-0.031858148568927255,0.08076518059198813,0.1075789835678057,0.15229245321157947,-0.01228266357658862
MNE,3.0,1996.0,240,0.10223859512635153,0.09054537471508377,0.11662935126054304,0.06790475497482937,0.09394559333582289,0.11248724183039166,0.11354833909761203,0.04063725316601282
MNE,4.0,2001.0,1060,-0.019382135203982815,0.28096938303131697,-0.010219663327364726,-0.15522252849433402,0.00889370007614775,0.3522589428144442,0.013663004916046122,-0.13194025139408933
MNG,7.0,2020.0,1638,-0.13287136446416054,-0.11428223239435188,-0.18956803708184192,-0.07699335970756221,-0.1544278133515854,-0.07736084166048929,-0.26250354641357004,-0.07292076355127057
MYS,5.0,2006.0,1201,-0.172327374839416,-0.01683460775711863,-0.25717259436844137,-0.0657428819984345,-0.15869171214130262,-0.00287668760486956,-0.20062551878345122,-0.149029111852194
MYS,6.0,2012.0,1300,0.05800812260037948,0.09123445482283432,0.007725634114584213,0.12587008002402839,0.12098784048161708,-0.043590386889560954,0.14221335399086588,0.13400095796808936
MYS,7.0,2018.0,1313,-0.11750158606057519,0.0878561014594958,-0.1853369323501973,-0.13142884776221098,-0.13295696394216044,0.09109393944960092,-0.18998611286981595,-0.1549944862594169
NGA,2.0,1990.0,1001,0.0235162499548595,0.009363569922697192,-0.05538056241860869,0.0571016498089097,0.08328790214199985,0.03865411288276672,0.02172661865571237,0.1020799065440703
NGA,3.0,1995.0,1995,0.04395242674191889,0.14859474730244088,0.03600223173061497,-0.05278613084880196,0.09965116057004512,0.20562869827110875,0.07855045603856181,0.018471717022464255
NGA,4.0,2000.0,2022,-0.034202295115891075,0.15151877369219327,-0.07195957933953445,-0.04645980783320964,-0.03485852184019059,0.15151877369219327,-0.1218395278345116,-0.005112228651205895
NGA,6.0,2012.0,1759,0.003505659375694223,0.02684389164225845,-0.023556113114882475,0.05671378090183477,0.016639712317909658,-0.008768598904007892,-0.032639090999849844,0.20988757860078153
NGA,7.0,2018.0,1237,0.013107242315986997,0.1175959574166587,-0.07376618045159491,0.040270598269436415,0.045457287736470495,0.08776561867358047,-0.027880687366029208,0.07470088731336981
NIC,7.0,2020.0,1200,-0.09685129028186183,-0.10242853668406118,-0.12977584344970897,-0.060051618534306156,-0.0548232827983254,-0.009054423238127166,-0.1337647916531698,0.0006159005973561542
NIR,7.0,2022.0,447,0.12324189774962677,0.13486748071343635,0.1622924322475623,0.08003806332895637,0.13978283528125068,0.13848138653221773,0.18588810756770807,0.0989943679829887
NLD,5.0,2006.0,1050,-0.1003170551596113,-0.2858404837722811,-0.009906293831920567,-0.20297521241944796,-0.10795396084710672,-0.28684065703797207,-0.03714126016163679,-0.21566550691324796
NLD,6.0,2012.0,1897,0.008410008620301779,-0.16890758756819968,0.10674182956393034,-0.09192716329731329,0.0048607567070257885,-0.055498779178711766,0.055048927880986,-0.10668301710812841
NLD,7.0,2022.0,2087,0.04762913514051625,-0.09207997722868114,0.10980552495035284,0.03779627319364042,0.07425759983541462,-0.02987269705543505,0.11342479385750598,0.06809669145503588
NOR,3.0,1996.0,1125,0.15674278782131734,-0.10343240634407663,0.24366885403025063,0.20015548929302293,0.13913748053731018,-0.2155643045962563,0.23847143530123135,0.21064741151931815
NOR,5.0,2007.0,1024,0.08455103543641695,-0.18679461471725187,0.06096642563670713,0.310528155454269,0.08274692340093777,-0.3303107976326847,0.08563580122245663,0.32028165174401346
NZL,3.0,1998.0,1200,-0.0013047267584421185,-0.06031569780343882,0.09526059669158059,-0.14154726025693767,-0.007854412774485533,-0.059297073227274705,0.1329133495621516,-0.13621719511416108
NZL,5.0,2004.0,953,0.18404156284190454,0.0642892438381733,0.3445771576885679,0.13355427202201067,0.2170283520022413,0.052241644369073706,0.3813002357738377,0.18130581177433983
NZL,6.0,2011.0,839,0.1420422109473373,0.09914738923954579,0.195308821349655,0.09575915133003494,0.14624506188266378,0.13964229921944885,0.21357437364743972,0.06359110058289744
NZL,7.0,2020.0,1057,0.17126451740137516,0.13792821059182708,0.23889189173049216,0.12039223801682396,0.19808624568252517,0.14258205113131592,0.28516409420637745,0.1436716908697683
PAK,3.0,1997.0,733,-0.06936979658069022,-0.12154072697319965,-0.4553480485705137,0.3607142141346001,-0.12069138573120461,-0.043779828717341644,-0.572752914100817,0.10377140950134063
PAK,4.0,2001.0,2000,0.005130284093881035,0.2471794806658179,-0.08964525636817043,0.04933510746259471,-0.002764334064752501,0.2471794806658179,-0.0862107413052542,-0.0421368506186665
PAK,6.0,2012.0,1200,-0.009606496057403182,-0.12939539583088908,-0.02468959485893303,0.12252666817637407,0.01371099777246951,-0.29348642008858133,0.03640693492118064,0.1808704208780961
PAK,7.0,2018.0,1995,-0.12009731327672374,-0.09745009879578753,-0.11167242934888269,-0.13784285843922128,-0.13900449205210144,-0.206357781683659,-0.0729150734922151,-0.17696462813823452
PER,3.0,1996.0,1211,-0.0003491541058912564,-0.0550549819678326,0.0714660479178693,-0.12109430402279273,-0.016892983288797295,-0.03945577428920918,0.08097357773543187,-0.15857758750098386
PER,4.0,2001.0,1501,-0.027096457513595712,-0.07462085656383569,0.0015588927279434471,-0.11593467891220179,0.009926367856341923,-0.09506737546157347,0.029054910674943892,-0.03647419765740211
PER,5.0,2006.0,1500,-0.07914749238777265,-0.019138683607847165,-0.08061755185021956,-0.16113895345898413,-0.09529102012250501,-0.15159604445160973,-0.11169319379306382,-0.04553031542603466
PER,6.0,2012.0,1210,-0.11928638325847862,-0.03149944249896894,-0.13915933259450933,-0.16099677569499177,-0.11389730571262399,-0.06817966929070486,-0.13913509638408172,-0.10286465126837106
PER,7.0,2018.0,1400,-0.1340935189534024,-0.09855677276901774,-0.1523623175361474,-0.131561845463989,-0.16832292919481118,-0.18186167120774732,-0.20377346117137415,-0.1311879564092939
PHL,3.0,1996.0,1200,-0.15106515487367703,-0.08802005184459169,-0.24857538697356452,-0.0026897007210545817,-0.14093287792614845,-0.09668105679447321,-0.23242816265347627,-0.05023717179440795
PHL,4.0,2001.0,1200,-0.1247577323328324,-0.06226699918988967,-0.1982222093738458,-0.0542819647315583,-0.13407144923361067,-0.01947343169224835,-0.19761598155657553,-0.10939566814572833
PHL,6.0,2012.0,1200,-0.009413074782520786,-0.09539549137909538,-0.01868072522129853,0.056473343335380226,0.01289188739499106,-0.22821359142906197,0.04910911675624531,0.04816465786349341
PHL,7.0,2019.0,1200,-0.02741196181231222,0.10246513424026306,-0.07111887855450764,-0.05144558651107959,-0.018710845861007474,0.08825638735116775,-0.03802988606843015,-0.05592200014309359
POL,2.0,1989.0,938,0.09804464119224392,0.13097161405799562,0.056278502014309346,0.042649384818135745,0.08660012010854065,0.10573473860030823,0.041029744780043405,0.027723846834664882
POL,3.0,1997.0,1153,-0.06948060348380741,-0.10987971633302204,-0.11692370081141185,0.019613662939444793,-0.08919981921617053,-0.03313333647452774,-0.21991637723392682,-0.03942150265272706
POL,5.0,2005.0,1000,0.026932213429766164,-0.09963555924772238,0.04205953720592344,0.025070030346876503,-0.001631105632479853,-0.02339865358692861,-0.018067407982797212,-0.018592331904016657
POL,6.0,2012.0,966,0.025865913569844023,-0.0801042919886379,0.09952582071041491,-0.11890316950998381,-0.02472962788743939,0.03865982093226903,0.02395657331573196,-0.3225479341705546
PRI,3.0,1995.0,1164,0.025481860499909817,-0.15336920373046622,0.10532002686858367,-0.0009631777736001475,0.04402187805741565,-0.2215723174865983,0.18188549798063813,0.012664753629059016
PRI,4.0,2001.0,719,0.0365583814633903,-0.09173168700458577,0.12642479746227245,-0.03172355485835503,0.05774478384137335,-0.15886610690708577,0.18832521448034684,-0.011412350641929823
PRI,7.0,2018.0,1126,0.1048267024332991,-0.014099497027057883,0.1222556824374948,0.1370465137984361,0.15014472672660217,0.0022920388883423716,0.1738993850868684,0.1770320496685386
PSE,6.0,2013.0,1000,-0.12613732271976827,-0.022743707074832753,-0.14669057806881652,-0.15998263183613887,-0.16242471530326866,0.051224458849916193,-0.21748711505404547,-0.17102339673900885
QAT,6.0,2010.0,1060,0.10646804505123418,0.03580165961582147,-0.033107361003573484,0.38296911590795035,0.1552523105675783,-0.11321596890324655,0.14938231985215997,0.29641233671410916
ROU,3.0,1998.0,1239,-0.01500517911391219,0.1225783533642318,-0.08370520807340633,0.07643272125328285,0.0589042538418641,0.21305966599196557,0.059456756840622786,-0.011560375054338308
ROU,5.0,2005.0,1776,0.06401987496745189,0.18069938530436058,0.06311638415597931,0.008862538341973604,0.061200270136527714,0.22025141104896465,0.0642741961097471,-0.01906150607268083
ROU,6.0,2012.0,1503,0.01157890277734208,0.006885999657138012,0.03280276451006634,-0.07275925281731813,0.011630873278406657,-0.009603298493613186,0.05087097670349875,-0.14890308052407183
ROU,7.0,2018.0,1257,-0.029451714280279012,-0.1707546239511064,-0.025438544503030926,0.03025700166947533,-0.007576381292753818,-0.17577324417600193,0.003826394500742424,0.04581268136851613
RUS,2.0,1990.0,1960,0.16793217639218178,0.03116945630969614,0.15493401222307748,0.22549735261280432,0.17812970969843725,0.06832766416840398,0.09843131068445032,0.2677618743807968
RUS,3.0,1995.0,2040,-0.0989296285018662,0.015799338539607275,-0.28612432946401917,0.12639561245157813,-0.14398900267615433,0.022019297616351134,-0.47968015076298404,0.12318377189779059
RUS,5.0,2006.0,2032,0.062050044509257225,0.06734214056950992,0.039524038566372696,0.11808134660017337,0.09709209129086907,0.2949590668832679,0.01130402400749385,0.21382681330408929
RUS,6.0,2011.0,2500,-0.07334195921028082,-0.08281556250929936,-0.09751388740833519,-0.04665087470157448,-0.05280901923891694,0.06767232998018193,-0.12767104558189477,-0.04248526806516928
RUS,7.0,2017.0,1810,-0.058479942346511514,-0.06923049737053846,-0.0408625536927641,-0.08281142370848349,-0.07680939189218139,-0.04320925270388835,-0.06128335932685157,-0.11562671431180183
RWA,5.0,2007.0,1507,0.01971790837267835,-0.17378015731982804,0.010118679700382062,0.19735464001864303,-0.04150894358940423,-0.3431021249014165,-0.039343635180855756,0.15011131723215715
RWA,6.0,2012.0,1527,-0.03702804692788718,0.11067452017140376,-0.019930057265210018,-0.1331143994161252,-0.02903319279734374,0.17522452933757235,-0.03854755731844943,-0.026171028758297365
SAU,4.0,2003.0,1502,0.0410611079372762,-0.2757442061416835,0.1589139161961117,0.04841547965078233,-0.008583838648374364,-0.27574420614168343,0.06969252219311567,0.04841547965078232
SGP,4.0,2002.0,1512,0.10191689472509138,0.0031940014303102997,0.10072325282425663,0.21192124049111188,0.07626609012166509,-0.004366145292390573,0.07081755532599002,0.18329696394697875
SGP,6.0,2012.0,1972,0.02979736955619834,0.02186118821862206,-0.002354057128453887,0.13582440847913996,0.030894704410509243,0.04689921212846771,0.0023519925154752448,0.1219892603470987
SGP,7.0,2020.0,2012,0.11185242747792534,0.13704975547513612,0.11157187803825805,0.10083922719161359,0.09938002955099824,0.12211702330019608,0.1129570999799675,0.0791936002090708
SLV,3.0,1999.0,1254,-0.2576191077541979,-0.5734495654964706,-0.07644471869019409,-0.330064298817244,-0.30724201944527496,-0.693344197620397,0.02108360666230359,-0.36880339621760544
SRB,3.0,1996.0,1280,0.024807323819045855,0.13083697806579575,0.017799399469284504,-0.06655636210251235,0.00995896421280924,0.18011677647694152,-0.0006908794466345501,-0.11245618171432462
SRB,4.0,2001.0,1200,-0.07777074979424016,0.22095414695797505,-0.07714140451266553,-0.2015141201646496,-0.07632281801053192,0.2714768526610401,-0.04812906178949505,-0.25710060230128523
SRB,5.0,2006.0,1220,-0.10175670535753074,-0.031904461378610506,-0.0739264772944521,-0.1870170818507325,-0.12368511706267415,0.09104927438005625,-0.15095088575614005,-0.1827272478503823
SRB,7.0,2017.0,1045,-0.1807003254544206,-0.20735957283099085,-0.1265781382459418,-0.2268751626950754,-0.19050946402380672,-0.15123361460996285,-0.18009642662528674,-0.21333613977676386
SVK,2.0,1990.0,466,-0.15198376924021703,0.024632160256401792,-0.1318243510217501,-0.2827048042880758,-0.1602380857360185,0.09512780470647753,-0.22595903116118962,-0.24824881945296623
SVK,3.0,1998.0,1095,-0.012904849425778128,-0.04152485227563439,0.010167192390668052,-0.08106754225767634,0.0004176188029352049,0.09534707140811073,-0.04408014313066794,-0.0629582542404289
SVK,7.0,2022.0,1200,-0.005851637404550281,0.03765102721318267,0.040455276571544255,-0.08219858905894964,-0.002748373074325654,0.05934992614094878,0.012248585575402069,-0.048700249843747705
SVN,3.0,1995.0,1006,-0.06260835160606841,-0.07032189539366923,-0.030289323039445096,-0.10557986723328151,-0.0910278083193926,0.007541685168571455,-0.08219125340011754,-0.12733192684764635
SVN,5.0,2005.0,1037,-0.10925824459803227,-0.03770114608034205,-0.05945263172853454,-0.22172190874295125,-0.16519734936074626,0.0020372142579548704,-0.12887564620137473,-0.268890744968653
SVN,6.0,2011.0,1069,-0.060971907826215144,-0.10379045521306982,0.05263990828828707,-0.2529054015095975,-0.12456878065665283,0.03446251339747462,-0.07168767281523133,-0.3498389394762165
SWE,3.0,1996.0,1009,0.13095930623503543,-0.06721795814975365,0.24561818412636707,0.028812634471101512,0.17100997887137268,-0.09217766661462881,0.36153565463265847,0.015897831840348115
SWE,4.0,1999.0,1015,0.08320296346202953,-0.24645217132123642,0.18949612174780145,0.06765360754108478,0.12130371502121283,-0.3270870321130678,0.24530049690669214,0.13437493119559005
SWE,5.0,2006.0,1003,0.12090172763387495,-0.08695743096071985,0.15174530869744657,0.18522119836809273,0.13317766917014223,-0.19184309979157269,0.20062765854712522,0.194755554877737
SWE,6.0,2011.0,1206,0.1085636054557072,-0.16189674023753983,0.22497504714093802,0.08106541399516409,0.1029785624298975,-0.2668767391929401,0.25995848977819713,0.006809137055786482
THA,5.0,2007.0,1534,-0.17691988690882843,-0.03909787919383117,-0.2163794469026161,-0.16972734987056906,-0.21277444042674504,-0.04955395972641104,-0.24307832796453227,-0.24654944222195904
THA,6.0,2013.0,1200,0.058030503509386454,0.04191971328192958,0.04010844951078026,0.07545555477270553,0.0615888853102047,-0.1180392257616406,0.08336234233345849,0.07659966278018861
THA,7.0,2018.0,1500,-0.09636012864825451,0.06881239297519243,-0.17560479069026913,-0.0914077266770044,-0.11235476882250892,0.11403970301034147,-0.22218491573625226,-0.09735727980106716
TJK,7.0,2020.0,1200,0.010293391250312372,0.07019757049514697,-0.01154844287993028,-0.027743766991623252,0.03407584832896107,0.041101087264272716,0.053425225020442044,-0.032270231963162414
TTO,5.0,2006.0,1002,-0.026553004581343947,0.12220553659233815,-0.013736977304223203,-0.12678445319521647,-0.01870070036008622,0.055685004064655985,0.0060656900092073175,-0.09823407434027236
TTO,6.0,2010.0,999,0.041576344316496136,0.09582695518825585,0.05471729111664693,-0.03990905175369626,0.024834292218393048,0.038482564462849006,0.05167868469419248,-0.07009556911661961
TUN,6.0,2013.0,1205,0.04516195692276939,0.12457764877171093,-0.004044898907111142,0.07178933427145917,0.037722375292159535,0.22207176483506455,-0.053024058455103995,0.09939543900481322
TUN,7.0,2019.0,1208,-0.0972122387571377,-0.15680474341927608,-0.09974870332986482,-0.08251694541959102,-0.15573641882302097,-0.16746407232568378,-0.19836297802863648,-0.1268335304662642
TUR,2.0,1990.0,1024,-0.05900406569560737,-0.15391935156557135,-0.3521593100794243,0.19234567181517254,-0.16436158018892597,-0.10252119749561417,-0.3521593100794243,-0.06145359622094945
TUR,3.0,1996.0,1905,-0.012443906262663177,-0.06606213271175974,-0.05095353048557589,0.11406255823685454,-0.03401283329646621,-0.04500719411835784,0.013881467220096432,-0.09174830744373012
TUR,4.0,2001.0,3401,-0.173990891838007,-0.01354016390203728,-0.26886350970979356,-0.0384969720720059,-0.15567154425043556,-0.01354016390203726,-0.18267185986175,-0.17342049717254399
TUR,5.0,2007.0,1346,0.0016993523081834593,-0.13160050351124572,0.00804533014362011,0.05885656478551053,-0.009289255435676566,-0.08453999905235633,0.03464163309090121,-0.08119809979923348
TUR,6.0,2011.0,1605,0.029973746898480286,-0.14418193327075696,0.038600845227128866,0.1600299221169248,0.05813852148813372,-0.03875644254539071,0.05369156702433293,0.13783431177924357
TUR,7.0,2018.0,2414,-0.08996735451166527,-0.2352269598588684,-0.06000741655178297,-0.048530300524206545,-0.12435254983568883,-0.19226234084262547,-0.12778972163706728,-0.08930397511258477
TWN,3.0,1998.0,779,0.04203259155975408,0.009725698362375811,0.03470551664689832,0.08572013054032389,-0.017898088766887654,-0.07919722927473573,-0.03464520729357016,0.06816956243196275
TWN,5.0,2006.0,1227,0.07410872107856598,0.2035855167114396,0.0793730452200027,-0.011834756983224186,0.0814790271577971,0.20644370136767884,0.1075581124078565,-0.03941218369201604
TWN,6.0,2012.0,1232,0.12167946028373737,0.22189953849331623,0.1073316846594067,0.07734782585163849,0.13854360499266147,0.15739187263447765,0.17019863216619782,-0.0012622696220711896
TWN,7.0,2019.0,1223,0.11871703284742911,0.23667019864351513,0.13118464436527166,0.05045105617246948,0.1033437395722782,0.17814865941693497,0.16982106188463902,0.008047319099424959
TZA,4.0,2001.0,1167,0.14712493915190952,0.053905081473194845,0.123102406900515,0.22564079542973275,0.060296767835176915,0.0326944964265338,0.01183977590434752,0.1596430820519822
UGA,4.0,2001.0,1002,0.15256314547349173,0.2519006519742141,0.13647887809323941,0.17004157162005473,0.14774060773164224,0.22373798917316698,0.12528083480323343,0.19404997176235844
UKR,3.0,1996.0,2809,-0.06136246057410348,0.10604278471208992,-0.20333267525480309,0.07148370752315798,-0.06175642184559162,0.06414993894900411,-0.24431409979829383,0.06190171769294089
UKR,5.0,2006.0,1000,-0.04632011721082,0.01718165115439567,-0.07222259829107211,-0.06991038331763685,-0.039173936193276734,0.10701080760045642,-0.10588392341375992,-0.06484342564729925
UKR,6.0,2011.0,1500,-0.07167005293138705,-0.06642386035651814,-0.04403989200913215,-0.1880893663755422,-0.06025089843499911,0.14425951249109922,-0.08709451458875156,-0.21206549709786873
UKR,7.0,2020.0,1289,0.02507657540613033,-0.02404259077074574,-0.03443749145676638,0.09855596911979636,0.05611459887854453,0.055012373716432736,-0.03737391527496097,0.1296269266106485
URY,3.0,1996.0,1000,-0.05657331456941352,-0.056338824422916656,0.022089063508022894,-0.2405892455009789,0.02741539805688581,0.10099477147912284,0.09339379658458427,-0.1466336321450458
URY,5.0,2006.0,1000,0.003316782575575942,-0.024002325012097307,0.03648613599758994,-0.038042298589381456,0.035261474729679484,0.019618008399362157,0.047239629126319425,0.023037582252312772
URY,6.0,2011.0,1000,-0.04340916626150074,-0.10525808685139962,0.08379460967471516,-0.2503454776615806,-0.025110872472260737,-0.10056511687156541,0.11544594984604617,-0.29471241220994737
URY,7.0,2022.0,1000,0.09050380451329924,-0.020731326578320147,0.11633026625509534,0.11025705274151323,0.1483065624746881,-0.00934032480373904,0.17061686445419963,0.17914510340502765
USA,3.0,1995.0,1542,0.05284121257310381,0.0009192984233724517,0.11630589639373326,0.018345064586857876,0.07078670292259619,-0.0023562704507417687,0.23329925088636544,-0.045455445520592434
USA,4.0,1999.0,1200,0.08064698520920661,-0.027059937807698595,0.14725299151636473,0.08135012739385042,0.08361864457300111,-0.03364002888428642,0.17554620997759773,0.0714461596193069
USA,5.0,2006.0,1235,-0.018543723990055806,0.13003462406991662,-0.038695196325592436,0.023258432516884604,-0.03335176093352424,0.17403333394168788,-0.03268455562301934,-0.03844429711809158
USA,6.0,2011.0,2221,0.1030660814804094,0.15915511829237744,0.09697530011130069,0.15300336141935642,0.11951499514320257,0.28840777408967033,0.09645745030815693,0.1647571002476976
USA,7.0,2017.0,2595,0.01959166527545655,0.08119321472745102,0.015587884458478411,0.026275439783123664,0.03516322310344682,0.056385538893917835,0.03200841011450111,0.06904459440732352
UZB,6.0,2011.0,1500,0.130707095024058,0.1570765462995368,0.026332713228829595,0.32547818003843204,0.15230893125847908,-0.025250397463833493,0.13603104726453402,0.3087022251968163
UZB,7.0,2022.0,1250,0.06833505402890395,0.2327555527924992,-0.07502817533005764,0.14669422501211488,0.07759509073865348,0.20409072628568686,-0.03104160654127781,0.13760371455781548
VEN,3.0,1996.0,1200,-0.1362796209214927,0.04210460101813665,-0.24875528084209975,-0.018395186175399356,-0.11999399795563881,0.1515534310118175,-0.27426780343318347,-0.05745715816069272
VEN,4.0,2000.0,1200,0.038691973040343455,-0.08198924620769758,0.0802845955472602,0.007076249340991487,0.07713174620574105,-0.06589993955668846,0.14548833168114403,-0.008467831858658192
VEN,7.0,2021.0,1190,-0.10124309648516847,-0.08747486344762381,-0.09210615763267911,-0.10607792312919023,-0.05836281641225049,-0.006730369505086512,-0.10759861745661277,-0.019822361085855132
VNM,4.0,2001.0,1000,0.15821873680336504,-0.0528658948192298,0.23987462246756727,0.10228465956549321,0.09126049918357461,-0.030712859790914003,0.20906211840293357,-0.045931848211147264
VNM,5.0,2006.0,1495,0.21662292178162332,0.08927080795819659,0.22043335817624443,0.2857140570958267,0.2717295869910553,0.11511845042383208,0.32994237951584643,0.2293239082706252
VNM,7.0,2020.0,1200,0.15958095034497985,0.3331023261687142,0.06208510515460845,0.19528088895688703,0.20643942827029937,0.27327643524316797,0.16885079702032596,0.22697962582430847
YEM,6.0,2014.0,1000,0.07680581144458593,0.21709085569702247,0.022405501504367285,0.019808865566865484,0.10968998232241525,0.15059375200815228,0.03989362967999628,0.14813625990425255
ZAF,1.0,1982.0,1595,-0.04817475297397079,-0.13782591776481568,,-0.019016060699516994,0.031194310509065317,-0.13782591776481568,,0.12154728558246115
ZAF,2.0,1990.0,2736,0.017934781367327568,0.20543955653511584,-0.013661043281211437,-0.049023509871039414,-0.00022714925129178009,0.1783829190613424,0.01380486148187557,-0.06221080803137028
ZAF,3.0,1996.0,2935,-0.005326407991945054,0.10503397745377893,-0.006916166795220432,-0.07839724047888724,-0.013276138052638312,0.14397196176474802,-0.04916764791182802,-0.042465716300975634
ZAF,4.0,2001.0,3000,-0.054545983532048356,0.10636292116014281,-0.061317574448811425,-0.10222829542336155,-0.042218257028529195,0.12104147928651839,-0.06756347231095168,-0.06820292719357497
ZAF,5.0,2006.0,2988,-0.03913106493381841,0.042614834126567004,-0.007693334713919042,-0.16108952389421283,-0.02913948042117216,0.051533072002918,0.013182815838246603,-0.16525646371615935
ZAF,6.0,2013.0,3531,-0.13770864093709448,-0.12450448265829615,-0.1444651024953335,-0.15032195945772034,-0.10067698276191918,-0.09500879488736816,-0.1498969946159212,0.027287474016263916
ZMB,5.0,2007.0,1500,-0.030403953876268014,0.005323547183204834,-0.05681083024945825,-0.010339021487694068,-0.03395871296223266,0.05083225427485041,-0.09323896589403705,0.013169065939892843
ZWE,4.0,2001.0,1002,0.04388363445706592,0.266325056907215,0.06433459105468221,-0.07946409245951272,0.04271084014457026,0.2440518425372887,0.057030460499348776,-0.05694740491702711
ZWE,6.0,2012.0,1500,0.10619455377547712,0.14485677084400714,0.1437970333018041,-0.011056159678099663,0.1614836007693483,0.16391831566799173,0.198791350794159,0.06513202799320299
ZWE,7.0,2020.0,1215,0.07509202714644146,0.0980104042973332,0.04387107978488389,0.09624253340668103,0.14660444280980173,0.2173423358873604,0.10890576524155693,0.1497282485744076
